Column1,link,rx_fcserrors,admin_status,rx_packets,tx_packets,poe_status,poe_power,auto_negotiation_status,time
0,FALSE,2872,TRUE,0,88,TRUE,9.2,incomplete,2019-12-05T00:00
1,FALSE,0,TRUE,0,10,TRUE,10.8,complete,2019-12-05T00:01
2,TRUE,4792,TRUE,0,1346,TRUE,9.8,complete,2019-12-05T00:02
3,TRUE,3544,TRUE,0,764,TRUE,10.6,complete,2019-12-05T00:03
4,FALSE,4505,TRUE,0,1229,TRUE,10,complete,2019-12-05T00:04
5,TRUE,1929,TRUE,0,31,TRUE,9.8,complete,2019-12-05T00:05
6,FALSE,5182,TRUE,0,1787,TRUE,9.4,complete,2019-12-05T00:06
7,FALSE,0,TRUE,0,38,TRUE,10,incomplete,2019-12-05T00:07
8,TRUE,1824,TRUE,0,26,TRUE,11,complete,2019-12-05T00:08
9,TRUE,519,TRUE,0,24,TRUE,9.8,complete,2019-12-05T00:09
10,FALSE,3181,TRUE,0,1044,TRUE,10,complete,2019-12-05T00:10
11,TRUE,2383,TRUE,0,371,TRUE,9.2,complete,2019-12-05T00:11
12,TRUE,3843,TRUE,0,474,TRUE,10,complete,2019-12-05T00:12
13,TRUE,2351,TRUE,0,121,TRUE,10.6,complete,2019-12-05T00:13
14,TRUE,3076,TRUE,0,397,TRUE,9.4,complete,2019-12-05T00:14
15,TRUE,4757,TRUE,0,846,TRUE,10,complete,2019-12-05T00:15
16,TRUE,3297,TRUE,0,31,TRUE,9.6,complete,2019-12-05T00:16
17,TRUE,3492,TRUE,0,222,TRUE,10.8,complete,2019-12-05T00:17
18,TRUE,2884,TRUE,0,1281,TRUE,9.4,complete,2019-12-05T00:18
19,TRUE,3929,TRUE,0,136,TRUE,9.2,complete,2019-12-05T00:19
20,TRUE,3248,TRUE,0,205,TRUE,9.4,complete,2019-12-05T00:20
21,TRUE,4436,TRUE,0,1918,TRUE,9.6,complete,2019-12-05T00:21
22,TRUE,4154,TRUE,0,705,TRUE,10.2,complete,2019-12-05T00:22
23,TRUE,4510,TRUE,0,1930,TRUE,10.8,complete,2019-12-05T00:23
24,TRUE,4320,TRUE,0,750,TRUE,10.8,complete,2019-12-05T00:24
25,TRUE,4628,TRUE,0,1574,TRUE,9.2,complete,2019-12-05T00:25
26,TRUE,3507,TRUE,0,232,TRUE,10,complete,2019-12-05T00:26
27,FALSE,3327,TRUE,0,944,TRUE,9.4,complete,2019-12-05T00:27
28,TRUE,3795,TRUE,0,94,TRUE,9.4,complete,2019-12-05T00:28
29,TRUE,4473,TRUE,0,554,TRUE,10,complete,2019-12-05T00:29
30,TRUE,3918,TRUE,0,690,TRUE,10.2,complete,2019-12-05T00:30
31,TRUE,3951,TRUE,0,280,TRUE,9.4,complete,2019-12-05T00:31
32,TRUE,4638,TRUE,0,1476,TRUE,9.2,complete,2019-12-05T00:32
33,TRUE,3388,TRUE,0,926,TRUE,9.6,complete,2019-12-05T00:33
34,TRUE,2882,TRUE,0,33,TRUE,9.4,complete,2019-12-05T00:34
35,TRUE,3488,TRUE,0,655,TRUE,10.2,complete,2019-12-05T00:35
36,TRUE,3430,TRUE,0,851,TRUE,11,complete,2019-12-05T00:36
37,FALSE,4446,TRUE,0,1080,TRUE,9.4,complete,2019-12-05T00:37
38,TRUE,13410,TRUE,0,1136,TRUE,9.4,complete,2019-12-05T00:41
39,TRUE,3037,TRUE,0,33,TRUE,9.4,complete,2019-12-05T00:42
40,TRUE,2885,TRUE,0,32,TRUE,9.6,complete,2019-12-05T00:43
41,TRUE,3017,TRUE,0,31,TRUE,9.4,complete,2019-12-05T00:44
42,FALSE,1529,TRUE,0,40,TRUE,9.4,complete,2019-12-05T00:45
43,FALSE,233,TRUE,0,20,TRUE,9.4,incomplete,2019-12-05T00:46
44,FALSE,391,TRUE,0,23,TRUE,9.6,incomplete,2019-12-05T00:47
45,FALSE,0,TRUE,0,0,TRUE,9.8,incomplete,2019-12-05T00:48
46,FALSE,0,TRUE,0,12,TRUE,9.6,incomplete,2019-12-05T00:49
47,FALSE,0,TRUE,0,14,TRUE,9.6,complete,2019-12-05T00:50
48,FALSE,0,TRUE,0,9,TRUE,9.2,incomplete,2019-12-05T00:51
49,TRUE,0,TRUE,0,10,TRUE,10.2,complete,2019-12-05T00:52
50,FALSE,0,TRUE,0,17,TRUE,9.6,complete,2019-12-05T00:53
51,FALSE,0,TRUE,0,6,TRUE,10.6,incomplete,2019-12-05T00:54
52,FALSE,0,TRUE,0,22,TRUE,10.4,incomplete,2019-12-05T00:55
53,FALSE,0,TRUE,0,12,TRUE,9.4,incomplete,2019-12-05T00:56
54,TRUE,1,TRUE,0,23,TRUE,9.6,complete,2019-12-05T00:57
55,FALSE,0,TRUE,0,10,TRUE,11,complete,2019-12-05T00:58
56,FALSE,0,TRUE,0,25,TRUE,11.2,incomplete,2019-12-05T00:59
57,FALSE,0,TRUE,0,21,TRUE,10.8,complete,2019-12-05T01:00
58,FALSE,0,TRUE,0,16,TRUE,9.6,complete,2019-12-05T01:01
59,FALSE,0,TRUE,0,23,TRUE,11.2,complete,2019-12-05T01:02
60,FALSE,0,TRUE,0,14,TRUE,9.4,incomplete,2019-12-05T01:03
61,TRUE,0,TRUE,0,22,TRUE,9.4,complete,2019-12-05T01:04
62,TRUE,0,TRUE,0,27,TRUE,10.4,complete,2019-12-05T01:05
63,FALSE,1,TRUE,0,19,TRUE,9.2,complete,2019-12-05T01:06
64,FALSE,0,TRUE,0,11,TRUE,10.6,complete,2019-12-05T01:08
65,FALSE,0,TRUE,0,31,TRUE,9.4,complete,2019-12-05T01:09
66,FALSE,0,TRUE,0,24,TRUE,9.8,complete,2019-12-05T01:10
67,TRUE,0,TRUE,0,17,TRUE,9.2,complete,2019-12-05T01:11
68,TRUE,0,TRUE,0,33,TRUE,9.6,complete,2019-12-05T01:12
69,FALSE,1,TRUE,0,14,TRUE,9.6,complete,2019-12-05T01:13
70,FALSE,227,TRUE,0,9,TRUE,9.6,complete,2019-12-05T01:14
71,FALSE,0,TRUE,0,11,TRUE,9.6,complete,2019-12-05T01:15
72,FALSE,0,TRUE,0,19,TRUE,10.4,complete,2019-12-05T01:16
73,FALSE,0,TRUE,0,12,TRUE,9.6,complete,2019-12-05T01:17
74,FALSE,0,TRUE,0,36,TRUE,11,complete,2019-12-05T01:18
75,FALSE,0,TRUE,0,6,TRUE,9.8,incomplete,2019-12-05T01:19
76,FALSE,0,TRUE,0,22,TRUE,9.6,incomplete,2019-12-05T01:20
77,FALSE,0,TRUE,0,16,TRUE,10.6,complete,2019-12-05T01:21
78,FALSE,0,TRUE,0,16,TRUE,11,complete,2019-12-05T01:22
79,FALSE,239,TRUE,0,24,TRUE,9.8,complete,2019-12-05T01:23
80,FALSE,0,TRUE,0,31,TRUE,10,complete,2019-12-05T01:25
81,FALSE,227,TRUE,0,16,TRUE,9.8,incomplete,2019-12-05T01:26
82,FALSE,0,TRUE,0,19,TRUE,9.6,incomplete,2019-12-05T01:27
83,FALSE,1,TRUE,0,22,TRUE,9.6,complete,2019-12-05T01:28
84,FALSE,239,TRUE,0,37,TRUE,10.2,complete,2019-12-05T01:29
85,FALSE,242,TRUE,0,31,TRUE,9.2,complete,2019-12-05T01:30
86,TRUE,244,TRUE,0,21,TRUE,10.2,complete,2019-12-05T01:31
87,FALSE,0,TRUE,0,15,TRUE,10,complete,2019-12-05T01:32
88,FALSE,0,TRUE,0,27,TRUE,10.6,complete,2019-12-05T01:34
89,FALSE,0,TRUE,0,17,TRUE,10.8,complete,2019-12-05T01:35
90,TRUE,0,TRUE,0,24,TRUE,10.6,complete,2019-12-05T01:36
91,TRUE,0,TRUE,0,15,TRUE,9.4,complete,2019-12-05T01:37
92,FALSE,246,TRUE,0,25,TRUE,10,complete,2019-12-05T01:38
93,FALSE,237,TRUE,0,22,TRUE,10.2,complete,2019-12-05T01:39
94,FALSE,0,TRUE,0,19,TRUE,9.6,incomplete,2019-12-05T01:40
95,FALSE,0,TRUE,0,13,TRUE,10.2,complete,2019-12-05T01:41
96,FALSE,0,TRUE,0,29,TRUE,10.6,complete,2019-12-05T01:42
97,FALSE,5,TRUE,0,24,TRUE,10.4,complete,2019-12-05T01:43
98,FALSE,1,TRUE,0,22,TRUE,10.2,incomplete,2019-12-05T01:44
99,TRUE,460,TRUE,0,27,TRUE,10.4,complete,2019-12-05T01:45
100,TRUE,227,TRUE,0,13,TRUE,10.8,incomplete,2019-12-05T01:46
101,FALSE,0,TRUE,0,26,TRUE,11,complete,2019-12-05T01:47
102,FALSE,252,TRUE,0,28,TRUE,10.6,complete,2019-12-05T01:49
103,FALSE,0,TRUE,0,9,TRUE,9.4,complete,2019-12-05T01:50
104,FALSE,0,TRUE,0,28,TRUE,9.6,complete,2019-12-05T01:51
105,TRUE,270,TRUE,0,20,TRUE,9.6,complete,2019-12-05T01:52
106,FALSE,0,TRUE,0,26,TRUE,11,incomplete,2019-12-05T01:53
107,FALSE,764,TRUE,0,25,TRUE,9.2,complete,2019-12-05T01:54
108,FALSE,227,TRUE,0,13,TRUE,10.4,complete,2019-12-05T01:55
109,FALSE,489,TRUE,0,21,TRUE,9.2,complete,2019-12-05T01:56
110,FALSE,0,TRUE,0,15,TRUE,9.4,complete,2019-12-05T01:57
111,TRUE,0,TRUE,0,30,TRUE,10.2,complete,2019-12-05T01:58
112,FALSE,1921,TRUE,0,42,TRUE,9.6,incomplete,2019-12-05T01:59
113,FALSE,1258,TRUE,0,25,TRUE,9.6,complete,2019-12-05T02:00
114,FALSE,0,TRUE,0,19,TRUE,10,incomplete,2019-12-05T02:01
115,TRUE,297,TRUE,0,16,TRUE,10.8,complete,2019-12-05T02:02
116,TRUE,5726,TRUE,0,3852,TRUE,9.4,complete,2019-12-05T02:03
117,FALSE,467,TRUE,0,207,TRUE,9.4,complete,2019-12-05T02:04
118,TRUE,840,TRUE,0,17,TRUE,9.6,complete,2019-12-05T02:05
119,FALSE,2348,TRUE,0,1555,TRUE,9.4,incomplete,2019-12-05T02:06
120,FALSE,6913,TRUE,0,4447,TRUE,10.2,incomplete,2019-12-05T02:11
121,FALSE,2174,TRUE,0,626,TRUE,9.4,complete,2019-12-05T02:12
122,FALSE,2719,TRUE,0,1365,TRUE,9.4,incomplete,2019-12-05T02:13
123,TRUE,1474,TRUE,0,31,TRUE,10.4,complete,2019-12-05T02:14
124,FALSE,0,TRUE,0,24,TRUE,10.8,complete,2019-12-05T02:15
125,FALSE,0,TRUE,0,17,TRUE,9.4,complete,2019-12-05T02:16
126,TRUE,560,TRUE,0,23,TRUE,10.6,complete,2019-12-05T02:17
127,TRUE,0,TRUE,0,24,TRUE,10.8,complete,2019-12-05T02:18
128,FALSE,4506,TRUE,0,2541,TRUE,9.8,incomplete,2019-12-05T02:19
129,FALSE,0,TRUE,0,16,TRUE,9.2,complete,2019-12-05T02:20
130,TRUE,2149,TRUE,0,161,TRUE,9.6,complete,2019-12-05T02:21
131,FALSE,4711,TRUE,0,1655,TRUE,9.2,complete,2019-12-05T02:22
132,FALSE,251,TRUE,0,18,TRUE,9.6,incomplete,2019-12-05T02:23
133,TRUE,3009,TRUE,0,547,TRUE,10.4,complete,2019-12-05T02:24
134,FALSE,1793,TRUE,0,484,TRUE,9.6,complete,2019-12-05T02:25
135,FALSE,1990,TRUE,0,22,TRUE,9.4,complete,2019-12-05T02:26
136,FALSE,1777,TRUE,0,25,TRUE,9.4,incomplete,2019-12-05T02:27
137,TRUE,671,TRUE,0,20,TRUE,9.8,complete,2019-12-05T02:28
138,FALSE,1260,TRUE,0,27,TRUE,9.8,complete,2019-12-05T02:29
139,TRUE,163,TRUE,0,23,TRUE,9.4,complete,2019-12-05T02:30
140,FALSE,1406,TRUE,0,22,TRUE,9.2,complete,2019-12-05T02:31
141,TRUE,4359,TRUE,0,412,TRUE,9.4,complete,2019-12-05T02:32
142,TRUE,3024,TRUE,0,1005,TRUE,9.4,complete,2019-12-05T02:33
143,TRUE,5355,TRUE,0,2165,TRUE,10,complete,2019-12-05T02:34
144,FALSE,4323,TRUE,0,566,TRUE,11,complete,2019-12-05T02:35
145,FALSE,2471,TRUE,0,355,TRUE,9.4,complete,2019-12-05T02:36
146,FALSE,225,TRUE,0,7,TRUE,10.6,complete,2019-12-05T02:37
147,FALSE,0,TRUE,0,0,TRUE,9.6,complete,2019-12-05T02:38
148,FALSE,0,TRUE,0,0,TRUE,9.6,complete,2019-12-05T02:39
149,TRUE,2455,TRUE,0,477,TRUE,10.2,complete,2019-12-05T02:40
150,TRUE,3431,TRUE,0,75,TRUE,9.6,complete,2019-12-05T02:41
151,TRUE,3638,TRUE,0,521,TRUE,9.4,complete,2019-12-05T02:42
152,TRUE,3211,TRUE,0,33,TRUE,10.4,complete,2019-12-05T02:43
153,TRUE,2557,TRUE,0,29,TRUE,9.6,complete,2019-12-05T02:44
154,TRUE,4279,TRUE,0,823,TRUE,9.6,complete,2019-12-05T02:45
155,TRUE,5218,TRUE,0,1281,TRUE,9.4,complete,2019-12-05T02:46
156,TRUE,4649,TRUE,0,657,TRUE,10.8,complete,2019-12-05T02:47
157,FALSE,5212,TRUE,0,587,TRUE,9.4,complete,2019-12-05T02:48
158,TRUE,5163,TRUE,0,1689,TRUE,10,complete,2019-12-05T02:49
159,FALSE,4670,TRUE,0,290,TRUE,10.6,complete,2019-12-05T02:50
160,TRUE,5173,TRUE,0,310,TRUE,10.6,complete,2019-12-05T02:51
161,TRUE,5015,TRUE,0,1377,TRUE,9.4,complete,2019-12-05T02:52
162,TRUE,4412,TRUE,0,833,TRUE,9.4,complete,2019-12-05T02:53
163,TRUE,4957,TRUE,0,1009,TRUE,10.2,complete,2019-12-05T02:54
164,TRUE,3511,TRUE,0,186,TRUE,9.2,complete,2019-12-05T02:55
165,TRUE,5177,TRUE,0,179,TRUE,9.6,complete,2019-12-05T02:56
166,FALSE,4644,TRUE,0,433,TRUE,9.4,complete,2019-12-05T02:57
167,TRUE,3464,TRUE,0,33,TRUE,9.4,complete,2019-12-05T02:58
168,TRUE,5043,TRUE,0,643,TRUE,10.2,complete,2019-12-05T02:59
169,TRUE,5077,TRUE,0,962,TRUE,11.2,complete,2019-12-05T03:00
170,TRUE,4700,TRUE,0,355,TRUE,11.8,complete,2019-12-05T03:01
171,TRUE,5211,TRUE,0,1403,TRUE,10,complete,2019-12-05T03:02
172,TRUE,5167,TRUE,0,1213,TRUE,10.6,complete,2019-12-05T03:03
173,FALSE,5035,TRUE,0,624,TRUE,11.2,complete,2019-12-05T03:04
174,FALSE,4451,TRUE,0,120,TRUE,9.2,complete,2019-12-05T03:05
175,FALSE,4328,TRUE,0,34,TRUE,10.2,complete,2019-12-05T03:06
176,FALSE,3420,TRUE,0,50,TRUE,9.4,complete,2019-12-05T03:07
177,TRUE,4125,TRUE,0,34,TRUE,9.2,complete,2019-12-05T03:08
178,TRUE,2456,TRUE,0,24,TRUE,9.2,complete,2019-12-05T03:09
179,TRUE,3180,TRUE,0,179,TRUE,9.4,complete,2019-12-05T03:10
180,TRUE,4798,TRUE,0,508,TRUE,9.4,complete,2019-12-05T03:11
181,FALSE,381,TRUE,0,4,TRUE,9.6,complete,2019-12-05T03:12
182,FALSE,0,TRUE,0,0,TRUE,10.4,complete,2019-12-05T03:13
183,FALSE,0,TRUE,0,0,TRUE,10.2,complete,2019-12-05T03:14
184,FALSE,0,TRUE,0,0,TRUE,10.6,complete,2019-12-05T03:15
185,FALSE,0,TRUE,0,0,TRUE,9.4,complete,2019-12-05T03:16
186,FALSE,0,TRUE,0,0,TRUE,9.2,complete,2019-12-05T03:17
187,FALSE,0,TRUE,0,0,TRUE,11.2,complete,2019-12-05T03:18
188,FALSE,0,TRUE,0,0,TRUE,9.8,complete,2019-12-05T03:22
189,FALSE,0,TRUE,0,0,TRUE,10.6,complete,2019-12-05T03:22
190,FALSE,0,TRUE,0,0,TRUE,9.4,complete,2019-12-05T03:23
191,FALSE,0,TRUE,0,0,TRUE,10.8,complete,2019-12-05T03:24
192,FALSE,0,TRUE,0,0,TRUE,9.6,complete,2019-12-05T03:25
193,FALSE,0,TRUE,0,0,TRUE,10.8,complete,2019-12-05T03:26
194,FALSE,0,TRUE,0,0,TRUE,9.6,complete,2019-12-05T03:27
195,FALSE,0,TRUE,0,0,TRUE,10,complete,2019-12-05T03:28
196,FALSE,0,TRUE,0,0,TRUE,9.8,complete,2019-12-05T03:29
197,FALSE,0,TRUE,0,0,TRUE,9.6,complete,2019-12-05T03:30
198,FALSE,0,TRUE,0,0,TRUE,10.6,complete,2019-12-05T03:31
199,FALSE,0,TRUE,0,0,TRUE,10,complete,2019-12-05T03:32
200,FALSE,0,TRUE,0,0,TRUE,10.8,complete,2019-12-05T03:33
201,FALSE,0,TRUE,0,0,TRUE,9.6,complete,2019-12-05T03:34
202,FALSE,0,TRUE,0,0,TRUE,10.8,complete,2019-12-05T03:35
203,FALSE,0,TRUE,0,0,TRUE,10,complete,2019-12-05T03:36
204,FALSE,0,TRUE,0,0,TRUE,9.6,complete,2019-12-05T03:37
205,FALSE,0,TRUE,0,0,TRUE,10,complete,2019-12-05T03:38
206,FALSE,0,TRUE,0,0,TRUE,9.6,complete,2019-12-05T03:39
207,FALSE,0,TRUE,0,0,TRUE,11.2,complete,2019-12-05T03:40
208,FALSE,0,TRUE,0,0,TRUE,9.6,complete,2019-12-05T03:41
209,FALSE,0,TRUE,0,0,TRUE,10.6,complete,2019-12-05T03:42
210,FALSE,0,TRUE,0,0,TRUE,9.4,complete,2019-12-05T03:43
211,FALSE,0,TRUE,0,0,TRUE,10.6,complete,2019-12-05T03:44
212,FALSE,0,TRUE,0,0,TRUE,9.4,complete,2019-12-05T03:45
213,FALSE,0,TRUE,0,0,TRUE,9.4,complete,2019-12-05T03:46
214,FALSE,0,TRUE,0,0,TRUE,9.4,complete,2019-12-05T03:47
215,FALSE,0,TRUE,0,0,TRUE,10,complete,2019-12-05T03:48
216,FALSE,0,TRUE,0,0,TRUE,10.8,complete,2019-12-05T03:49
217,FALSE,0,TRUE,0,0,TRUE,9.4,complete,2019-12-05T03:50
218,FALSE,0,TRUE,0,0,TRUE,10.8,complete,2019-12-05T03:51
219,FALSE,0,TRUE,0,0,TRUE,9.4,complete,2019-12-05T03:52
220,FALSE,0,TRUE,0,0,TRUE,10.6,complete,2019-12-05T03:53
221,FALSE,0,TRUE,0,0,TRUE,10.4,complete,2019-12-05T03:54
222,FALSE,0,TRUE,0,0,TRUE,9.6,complete,2019-12-05T04:03
223,FALSE,0,TRUE,0,0,TRUE,9.6,complete,2019-12-05T04:03
224,FALSE,0,TRUE,0,0,TRUE,9.4,complete,2019-12-05T04:11
225,FALSE,0,TRUE,0,0,TRUE,9.6,complete,2019-12-05T04:12
226,FALSE,0,TRUE,0,0,TRUE,9.4,complete,2019-12-05T04:13
227,FALSE,0,TRUE,0,0,TRUE,9.6,complete,2019-12-05T04:14
228,FALSE,258,TRUE,0,17,TRUE,11.2,incomplete,2019-12-05T04:27
229,FALSE,3750,TRUE,0,217,TRUE,9.2,incomplete,2019-12-05T04:29
230,FALSE,0,TRUE,0,11,TRUE,10.2,complete,2019-12-05T04:30
231,TRUE,3036,TRUE,0,246,TRUE,9.4,complete,2019-12-05T04:31
232,TRUE,2234,TRUE,0,325,TRUE,9.4,complete,2019-12-05T04:33
233,FALSE,0,TRUE,0,10,TRUE,10,incomplete,2019-12-05T04:34
234,TRUE,1984,TRUE,0,32,TRUE,9.4,complete,2019-12-05T04:35
235,TRUE,4455,TRUE,0,483,TRUE,10.2,complete,2019-12-05T04:36
236,FALSE,3821,TRUE,0,205,TRUE,9.6,complete,2019-12-05T04:37
237,FALSE,0,TRUE,0,18,TRUE,10.4,incomplete,2019-12-05T04:38
238,TRUE,3807,TRUE,0,322,TRUE,10.4,complete,2019-12-05T04:39
239,FALSE,5019,TRUE,0,604,TRUE,9.6,incomplete,2019-12-05T04:40
240,FALSE,475,TRUE,0,24,TRUE,9.4,complete,2019-12-05T04:42
241,FALSE,0,TRUE,0,24,TRUE,9.4,incomplete,2019-12-05T04:44
242,TRUE,836,TRUE,0,36,TRUE,10.6,complete,2019-12-05T04:46
243,FALSE,153,TRUE,0,22,TRUE,9.8,incomplete,2019-12-05T04:47
244,TRUE,2262,TRUE,0,81,TRUE,10.4,complete,2019-12-05T04:48
245,FALSE,536,TRUE,0,106,TRUE,10.6,complete,2019-12-05T04:49
246,FALSE,3650,TRUE,0,119,TRUE,9.8,complete,2019-12-05T04:51
247,TRUE,5034,TRUE,0,564,TRUE,9.8,complete,2019-12-05T04:52
248,TRUE,1056,TRUE,0,218,TRUE,9.8,complete,2019-12-05T04:53
249,TRUE,5173,TRUE,0,279,TRUE,10.8,complete,2019-12-05T04:54
250,FALSE,7605,TRUE,0,769,TRUE,11.2,complete,2019-12-05T04:57
251,FALSE,1977,TRUE,0,48,TRUE,9.6,complete,2019-12-05T04:58
252,FALSE,1827,TRUE,0,113,TRUE,10.4,complete,2019-12-05T04:59
253,TRUE,2029,TRUE,0,50,TRUE,10,complete,2019-12-05T05:00
254,FALSE,3013,TRUE,0,92,TRUE,9.6,complete,2019-12-05T05:01
255,FALSE,0,TRUE,0,21,TRUE,9.6,complete,2019-12-05T05:02
256,TRUE,2700,TRUE,0,28,TRUE,10,complete,2019-12-05T05:03
257,TRUE,3537,TRUE,0,492,TRUE,9.4,complete,2019-12-05T05:04
258,TRUE,5134,TRUE,0,804,TRUE,9.6,complete,2019-12-05T05:05
259,TRUE,2245,TRUE,0,133,TRUE,11.4,incomplete,2019-12-05T05:06
260,TRUE,247,TRUE,0,19,TRUE,9.6,complete,2019-12-05T05:07
261,FALSE,1212,TRUE,0,24,TRUE,10,complete,2019-12-05T05:08
262,TRUE,4120,TRUE,0,33,TRUE,9.4,incomplete,2019-12-05T05:09
263,TRUE,3173,TRUE,0,30,TRUE,11,complete,2019-12-05T05:10
264,TRUE,3729,TRUE,0,404,TRUE,9.8,complete,2019-12-05T05:11
265,FALSE,1366,TRUE,0,16,TRUE,9.6,incomplete,2019-12-05T05:12
266,FALSE,2188,TRUE,0,134,TRUE,10.6,complete,2019-12-05T05:13
267,FALSE,3566,TRUE,0,90,TRUE,11,complete,2019-12-05T05:14
268,TRUE,4373,TRUE,0,219,TRUE,9.4,complete,2019-12-05T05:15
269,FALSE,4539,TRUE,0,36,TRUE,9.6,complete,2019-12-05T05:16
270,TRUE,3867,TRUE,0,58,TRUE,10,complete,2019-12-05T05:17
271,TRUE,5198,TRUE,0,228,TRUE,9.6,complete,2019-12-05T05:18
272,TRUE,4446,TRUE,0,763,TRUE,10.8,complete,2019-12-05T05:19
273,TRUE,5204,TRUE,0,311,TRUE,9.8,complete,2019-12-05T05:20
274,TRUE,4340,TRUE,0,623,TRUE,9.4,complete,2019-12-05T05:21
275,TRUE,5128,TRUE,0,795,TRUE,9.4,complete,2019-12-05T05:22
276,FALSE,4873,TRUE,0,464,TRUE,9.4,complete,2019-12-05T05:23
277,TRUE,19579,TRUE,0,3024,TRUE,11.4,complete,2019-12-05T05:27
278,FALSE,4015,TRUE,0,153,TRUE,9.8,complete,2019-12-05T05:28
279,TRUE,3663,TRUE,0,32,TRUE,10.2,complete,2019-12-05T05:29
280,TRUE,5063,TRUE,0,1517,TRUE,9.6,complete,2019-12-05T05:30
281,FALSE,4153,TRUE,0,36,TRUE,11,complete,2019-12-05T05:31
282,FALSE,3894,TRUE,0,33,TRUE,9.6,complete,2019-12-05T05:32
283,FALSE,4243,TRUE,0,72,TRUE,9.4,complete,2019-12-05T05:33
284,TRUE,3153,TRUE,0,72,TRUE,10,complete,2019-12-05T05:34
285,TRUE,5146,TRUE,0,215,TRUE,10,complete,2019-12-05T05:35
286,TRUE,2564,TRUE,0,28,TRUE,9.4,complete,2019-12-05T05:36
287,TRUE,3879,TRUE,0,40,TRUE,11,complete,2019-12-05T05:37
288,FALSE,3519,TRUE,0,29,TRUE,10.4,complete,2019-12-05T05:38
289,TRUE,3567,TRUE,0,324,TRUE,11,incomplete,2019-12-05T05:39
290,TRUE,2797,TRUE,0,33,TRUE,10,complete,2019-12-05T05:40
291,TRUE,4045,TRUE,0,31,TRUE,9.4,complete,2019-12-05T05:41
292,FALSE,1790,TRUE,0,20,TRUE,9.8,complete,2019-12-05T05:42
293,FALSE,2786,TRUE,0,28,TRUE,9.2,complete,2019-12-05T05:43
294,FALSE,222,TRUE,0,4,TRUE,10,incomplete,2019-12-05T05:44
295,FALSE,0,TRUE,0,0,TRUE,11.2,incomplete,2019-12-05T05:45
296,FALSE,0,TRUE,0,0,TRUE,9.6,incomplete,2019-12-05T05:46
297,FALSE,0,TRUE,0,0,TRUE,11,incomplete,2019-12-05T05:47
298,FALSE,0,TRUE,0,0,TRUE,9.8,incomplete,2019-12-05T05:48
299,FALSE,0,TRUE,0,0,TRUE,10.2,incomplete,2019-12-05T05:49
300,FALSE,0,TRUE,0,0,TRUE,10.4,incomplete,2019-12-05T05:50
301,FALSE,0,TRUE,0,0,TRUE,10.8,incomplete,2019-12-05T05:51
302,FALSE,0,TRUE,0,0,TRUE,11,incomplete,2019-12-05T05:52
303,FALSE,0,TRUE,0,0,TRUE,9.4,incomplete,2019-12-05T05:53
304,FALSE,0,TRUE,0,0,TRUE,10.4,incomplete,2019-12-05T05:54
305,FALSE,0,TRUE,0,0,TRUE,10.6,incomplete,2019-12-05T05:55
306,FALSE,0,TRUE,0,0,TRUE,9.4,incomplete,2019-12-05T05:58
307,FALSE,0,TRUE,0,0,TRUE,10,incomplete,2019-12-05T05:59
308,FALSE,0,TRUE,0,0,TRUE,9.4,incomplete,2019-12-05T06:00
309,FALSE,0,TRUE,0,0,TRUE,10.8,incomplete,2019-12-05T06:04
310,FALSE,0,TRUE,0,0,TRUE,9.4,incomplete,2019-12-05T06:05
311,FALSE,0,TRUE,0,0,TRUE,9.6,incomplete,2019-12-05T06:06
312,FALSE,0,TRUE,0,0,TRUE,9.6,incomplete,2019-12-05T06:07
313,FALSE,0,TRUE,0,0,TRUE,10,incomplete,2019-12-05T06:08
314,FALSE,0,TRUE,0,0,TRUE,10.6,incomplete,2019-12-05T06:09
315,FALSE,0,TRUE,0,0,TRUE,9.4,incomplete,2019-12-05T06:10
316,FALSE,0,TRUE,0,0,TRUE,10.4,incomplete,2019-12-05T06:11
317,FALSE,0,TRUE,0,0,TRUE,10,incomplete,2019-12-05T06:12
318,FALSE,0,TRUE,0,0,TRUE,9.6,incomplete,2019-12-05T06:13
319,FALSE,0,TRUE,0,0,TRUE,11.2,incomplete,2019-12-05T06:14
320,FALSE,0,TRUE,0,0,TRUE,9.8,incomplete,2019-12-05T06:15
321,FALSE,0,TRUE,0,0,TRUE,10.4,incomplete,2019-12-05T06:16
322,FALSE,0,TRUE,0,0,TRUE,9.4,incomplete,2019-12-05T06:17
323,FALSE,0,TRUE,0,0,TRUE,10.6,incomplete,2019-12-05T06:18
324,FALSE,0,TRUE,0,0,TRUE,9.6,incomplete,2019-12-05T06:19
325,FALSE,0,TRUE,0,0,TRUE,9.8,incomplete,2019-12-05T06:20
326,FALSE,0,TRUE,0,0,TRUE,9.4,incomplete,2019-12-05T06:21
327,FALSE,0,TRUE,0,0,TRUE,9.6,incomplete,2019-12-05T06:22
328,FALSE,0,TRUE,0,0,TRUE,9.4,incomplete,2019-12-05T06:23
329,FALSE,0,TRUE,0,0,TRUE,10,incomplete,2019-12-05T06:24
330,FALSE,0,TRUE,0,0,TRUE,11,incomplete,2019-12-05T06:25
331,FALSE,0,TRUE,0,0,TRUE,9.8,incomplete,2019-12-05T06:26
332,FALSE,0,TRUE,0,0,TRUE,10.6,incomplete,2019-12-05T06:27
333,FALSE,0,TRUE,0,0,TRUE,9.6,incomplete,2019-12-05T06:28
334,FALSE,0,TRUE,0,0,TRUE,10.4,incomplete,2019-12-05T06:29
335,FALSE,0,TRUE,0,0,TRUE,9.4,incomplete,2019-12-05T06:30
336,FALSE,0,TRUE,0,0,TRUE,10.2,incomplete,2019-12-05T06:31
337,FALSE,0,TRUE,0,0,TRUE,9.4,incomplete,2019-12-05T06:32
338,FALSE,0,TRUE,0,0,TRUE,9.6,incomplete,2019-12-05T06:33
339,FALSE,0,TRUE,0,0,TRUE,10,incomplete,2019-12-05T06:34
340,FALSE,0,TRUE,0,0,TRUE,9.4,incomplete,2019-12-05T06:35
341,FALSE,0,TRUE,0,0,TRUE,10.4,incomplete,2019-12-05T06:36
342,FALSE,0,TRUE,0,0,TRUE,9.6,incomplete,2019-12-05T06:37
343,FALSE,0,TRUE,0,0,TRUE,9.8,incomplete,2019-12-05T06:38
344,FALSE,0,TRUE,0,0,TRUE,9.6,incomplete,2019-12-05T06:39
345,FALSE,0,TRUE,0,0,TRUE,10,incomplete,2019-12-05T06:40
346,FALSE,0,TRUE,0,0,TRUE,10.6,incomplete,2019-12-05T06:41
347,FALSE,0,TRUE,0,0,TRUE,9.4,incomplete,2019-12-05T06:42
348,FALSE,0,TRUE,0,0,TRUE,9.4,incomplete,2019-12-05T06:43
349,FALSE,0,TRUE,0,0,TRUE,9.4,incomplete,2019-12-05T06:44
350,FALSE,0,TRUE,0,0,TRUE,10,incomplete,2019-12-05T06:45
351,FALSE,0,TRUE,0,0,TRUE,10.4,incomplete,2019-12-05T06:46
352,FALSE,0,TRUE,0,0,TRUE,9.2,incomplete,2019-12-05T06:47
353,FALSE,0,TRUE,0,0,TRUE,10.6,incomplete,2019-12-05T06:48
354,FALSE,0,TRUE,0,0,TRUE,9.2,incomplete,2019-12-05T06:49
355,FALSE,0,TRUE,0,0,TRUE,9.4,incomplete,2019-12-05T06:50
356,FALSE,0,TRUE,0,0,TRUE,10.6,incomplete,2019-12-05T06:51
357,FALSE,0,TRUE,0,0,TRUE,9.8,incomplete,2019-12-05T06:52
358,FALSE,0,TRUE,0,0,TRUE,10.4,incomplete,2019-12-05T06:53
359,FALSE,0,TRUE,0,0,TRUE,9.4,incomplete,2019-12-05T06:54
360,FALSE,0,TRUE,0,0,TRUE,9.4,incomplete,2019-12-05T06:55
361,FALSE,0,TRUE,0,0,TRUE,9.6,incomplete,2019-12-05T06:56
362,FALSE,0,TRUE,0,0,TRUE,9.4,incomplete,2019-12-05T06:57
363,FALSE,0,TRUE,0,0,TRUE,10.6,incomplete,2019-12-05T06:58
364,FALSE,0,TRUE,0,0,TRUE,9.4,incomplete,2019-12-05T06:59
365,FALSE,0,TRUE,0,0,TRUE,10.4,incomplete,2019-12-05T07:00
366,FALSE,0,TRUE,0,0,TRUE,9.4,incomplete,2019-12-05T07:01
367,FALSE,0,TRUE,0,0,TRUE,9.4,incomplete,2019-12-05T07:02
368,FALSE,0,TRUE,0,0,TRUE,9.4,incomplete,2019-12-05T07:03
369,FALSE,0,TRUE,0,0,TRUE,10.6,incomplete,2019-12-05T07:07
370,FALSE,0,TRUE,0,0,TRUE,9.4,incomplete,2019-12-05T07:08
371,FALSE,0,TRUE,0,0,TRUE,9.6,incomplete,2019-12-05T07:09
372,FALSE,0,TRUE,0,0,TRUE,9.8,incomplete,2019-12-05T07:10
373,FALSE,0,TRUE,0,0,TRUE,9.8,incomplete,2019-12-05T07:11
374,FALSE,0,TRUE,0,0,TRUE,10.2,incomplete,2019-12-05T07:12
375,FALSE,0,TRUE,0,0,TRUE,10,incomplete,2019-12-05T07:13
376,FALSE,0,TRUE,0,0,TRUE,10.4,incomplete,2019-12-05T07:14
377,FALSE,0,TRUE,0,0,TRUE,10.2,incomplete,2019-12-05T07:15
378,FALSE,0,TRUE,0,0,TRUE,11,incomplete,2019-12-05T07:16
379,FALSE,0,TRUE,0,0,TRUE,9.4,incomplete,2019-12-05T07:17
380,FALSE,0,TRUE,0,2,TRUE,9.4,incomplete,2019-12-05T07:18
381,TRUE,2268,TRUE,0,24,TRUE,9.4,complete,2019-12-05T07:19
382,TRUE,4057,TRUE,0,197,TRUE,9.4,complete,2019-12-05T07:20
383,FALSE,2373,TRUE,0,458,TRUE,9.2,incomplete,2019-12-05T07:21
384,FALSE,0,TRUE,0,6,TRUE,9.4,incomplete,2019-12-05T07:22
385,FALSE,4200,TRUE,0,598,TRUE,10,complete,2019-12-05T07:23
386,TRUE,4436,TRUE,0,529,TRUE,10.6,complete,2019-12-05T07:24
387,TRUE,4528,TRUE,0,377,TRUE,9.2,complete,2019-12-05T07:25
388,TRUE,5393,TRUE,0,1114,TRUE,9.6,complete,2019-12-05T07:26
389,FALSE,1515,TRUE,0,308,TRUE,10.6,incomplete,2019-12-05T07:27
390,TRUE,2977,TRUE,0,236,TRUE,10,complete,2019-12-05T07:28
391,FALSE,2481,TRUE,0,27,TRUE,10.2,complete,2019-12-05T07:29
392,FALSE,0,TRUE,0,28,TRUE,9.4,complete,2019-12-05T07:30
393,FALSE,0,TRUE,0,8,TRUE,9.6,incomplete,2019-12-05T07:31
394,FALSE,32,TRUE,0,20,TRUE,9.4,incomplete,2019-12-05T07:32
395,TRUE,3964,TRUE,0,145,TRUE,9.4,complete,2019-12-05T07:33
396,TRUE,5599,TRUE,0,984,TRUE,9.4,complete,2019-12-05T07:34
397,TRUE,5619,TRUE,0,1195,TRUE,9.8,complete,2019-12-05T07:35
398,TRUE,5213,TRUE,0,952,TRUE,10.6,complete,2019-12-05T07:36
399,TRUE,3565,TRUE,0,310,TRUE,11.4,complete,2019-12-05T07:37
400,TRUE,1655,TRUE,0,453,TRUE,9.6,complete,2019-12-05T07:38
401,TRUE,1524,TRUE,0,21,TRUE,9.8,complete,2019-12-05T07:39
402,TRUE,4168,TRUE,0,123,TRUE,9.4,complete,2019-12-05T07:40
403,TRUE,4476,TRUE,0,393,TRUE,9.4,complete,2019-12-05T07:41
404,TRUE,4071,TRUE,0,300,TRUE,9.4,complete,2019-12-05T07:42
405,TRUE,4627,TRUE,0,153,TRUE,10.4,complete,2019-12-05T07:43
406,FALSE,4126,TRUE,0,497,TRUE,11.2,complete,2019-12-05T07:44
407,TRUE,5578,TRUE,0,408,TRUE,10.4,complete,2019-12-05T07:45
408,TRUE,3818,TRUE,0,650,TRUE,9.4,complete,2019-12-05T07:46
409,TRUE,3842,TRUE,0,37,TRUE,10.8,complete,2019-12-05T07:47
410,TRUE,4549,TRUE,0,360,TRUE,9.6,complete,2019-12-05T07:48
411,TRUE,5010,TRUE,0,376,TRUE,10,complete,2019-12-05T07:49
412,TRUE,5032,TRUE,0,312,TRUE,9.4,complete,2019-12-05T07:50
413,FALSE,4320,TRUE,0,583,TRUE,10.2,incomplete,2019-12-05T07:51
414,FALSE,4329,TRUE,0,83,TRUE,9.6,complete,2019-12-05T07:52
415,FALSE,3525,TRUE,0,30,TRUE,9.4,complete,2019-12-05T07:53
416,FALSE,4690,TRUE,0,121,TRUE,10,complete,2019-12-05T07:54
417,TRUE,3779,TRUE,0,265,TRUE,9.4,complete,2019-12-05T07:55
418,TRUE,4737,TRUE,0,101,TRUE,10.6,complete,2019-12-05T07:56
419,TRUE,4029,TRUE,0,755,TRUE,9.6,complete,2019-12-05T07:57
420,TRUE,4353,TRUE,0,296,TRUE,10.2,complete,2019-12-05T07:58
421,TRUE,4135,TRUE,0,99,TRUE,10.8,complete,2019-12-05T07:59
422,TRUE,4301,TRUE,0,483,TRUE,10.6,complete,2019-12-05T08:00
423,TRUE,4264,TRUE,0,246,TRUE,10.6,complete,2019-12-05T08:01
424,TRUE,4377,TRUE,0,322,TRUE,10.6,complete,2019-12-05T08:02
425,TRUE,4255,TRUE,0,72,TRUE,9.6,complete,2019-12-05T08:03
426,FALSE,14191,TRUE,0,922,TRUE,9.4,complete,2019-12-05T08:07
427,FALSE,3732,TRUE,0,30,TRUE,9.6,incomplete,2019-12-05T08:08
428,TRUE,3193,TRUE,0,28,TRUE,10.4,complete,2019-12-05T08:09
429,FALSE,3259,TRUE,0,30,TRUE,10,complete,2019-12-05T08:10
430,FALSE,1767,TRUE,0,26,TRUE,10.6,complete,2019-12-05T08:11
431,TRUE,2676,TRUE,0,29,TRUE,9.6,complete,2019-12-05T08:12
432,FALSE,1483,TRUE,0,13,TRUE,10.6,incomplete,2019-12-05T08:13
433,FALSE,1038,TRUE,0,15,TRUE,9.6,incomplete,2019-12-05T08:14
434,FALSE,363,TRUE,0,26,TRUE,10.8,incomplete,2019-12-05T08:15
435,FALSE,0,TRUE,0,0,TRUE,9.4,incomplete,2019-12-05T08:16
436,FALSE,0,TRUE,0,0,TRUE,9.8,incomplete,2019-12-05T08:17
437,FALSE,0,TRUE,0,0,TRUE,9.6,incomplete,2019-12-05T08:18
438,FALSE,0,TRUE,0,0,TRUE,9.4,incomplete,2019-12-05T08:19
439,FALSE,0,TRUE,0,0,TRUE,10.8,incomplete,2019-12-05T08:20
440,FALSE,0,TRUE,0,0,TRUE,9.4,incomplete,2019-12-05T08:21
441,FALSE,0,TRUE,0,0,TRUE,9.4,incomplete,2019-12-05T08:22
442,FALSE,0,TRUE,0,6,TRUE,9.4,incomplete,2019-12-05T08:23
443,FALSE,0,TRUE,0,13,TRUE,9.6,complete,2019-12-05T08:24
444,TRUE,0,TRUE,0,20,TRUE,9.4,complete,2019-12-05T08:25
445,FALSE,0,TRUE,0,22,TRUE,9.4,complete,2019-12-05T08:26
446,FALSE,0,TRUE,0,13,TRUE,9.4,incomplete,2019-12-05T08:27
447,FALSE,0,TRUE,0,22,TRUE,9.4,complete,2019-12-05T08:28
448,FALSE,0,TRUE,0,20,TRUE,10.6,complete,2019-12-05T08:29
449,FALSE,0,TRUE,0,22,TRUE,9.8,incomplete,2019-12-05T08:30
450,TRUE,0,TRUE,0,11,TRUE,11.2,incomplete,2019-12-05T08:31
451,TRUE,0,TRUE,0,15,TRUE,10.2,incomplete,2019-12-05T08:32
452,TRUE,0,TRUE,0,12,TRUE,10.2,complete,2019-12-05T08:33
453,TRUE,0,TRUE,0,22,TRUE,9.8,complete,2019-12-05T08:34
454,TRUE,0,TRUE,0,24,TRUE,9.4,complete,2019-12-05T08:35
455,FALSE,3,TRUE,0,18,TRUE,9.4,complete,2019-12-05T08:36
456,FALSE,0,TRUE,0,10,TRUE,10.6,incomplete,2019-12-05T08:37
457,FALSE,0,TRUE,0,19,TRUE,9.4,incomplete,2019-12-05T08:38
458,TRUE,0,TRUE,0,14,TRUE,9.6,complete,2019-12-05T08:39
459,FALSE,0,TRUE,0,16,TRUE,9.6,complete,2019-12-05T08:40
460,FALSE,0,TRUE,0,11,TRUE,9.6,complete,2019-12-05T08:41
461,TRUE,250,TRUE,0,24,TRUE,9.6,complete,2019-12-05T08:42
462,FALSE,0,TRUE,0,11,TRUE,10.6,incomplete,2019-12-05T08:43
463,TRUE,0,TRUE,0,14,TRUE,10.6,complete,2019-12-05T08:44
464,FALSE,0,TRUE,0,12,TRUE,9.4,complete,2019-12-05T08:45
465,FALSE,0,TRUE,0,7,TRUE,9.6,incomplete,2019-12-05T08:46
466,TRUE,105,TRUE,0,20,TRUE,9.6,incomplete,2019-12-05T08:47
467,FALSE,0,TRUE,0,12,TRUE,9.6,complete,2019-12-05T08:48
468,FALSE,0,TRUE,0,14,TRUE,9.4,incomplete,2019-12-05T08:49
469,FALSE,0,TRUE,0,16,TRUE,9.6,incomplete,2019-12-05T08:50
470,FALSE,0,TRUE,0,14,TRUE,10,incomplete,2019-12-05T08:51
471,FALSE,0,TRUE,0,13,TRUE,9.4,incomplete,2019-12-05T08:52
472,FALSE,0,TRUE,0,24,TRUE,10.6,incomplete,2019-12-05T08:53
473,FALSE,0,TRUE,0,6,TRUE,9.4,incomplete,2019-12-05T08:54
474,FALSE,0,TRUE,0,7,TRUE,9.4,complete,2019-12-05T08:55
475,FALSE,0,TRUE,0,16,TRUE,10.2,complete,2019-12-05T08:56
476,FALSE,287,TRUE,0,21,TRUE,9.6,complete,2019-12-05T08:57
477,FALSE,246,TRUE,0,18,TRUE,10.4,incomplete,2019-12-05T08:58
478,FALSE,63,TRUE,0,13,TRUE,9.6,complete,2019-12-05T08:59
479,FALSE,0,TRUE,0,16,TRUE,9.4,complete,2019-12-05T09:00
480,TRUE,0,TRUE,0,14,TRUE,10.8,complete,2019-12-05T09:01
481,FALSE,221,TRUE,0,16,TRUE,10.4,complete,2019-12-05T09:02
482,FALSE,0,TRUE,0,8,TRUE,9.2,incomplete,2019-12-05T09:03
483,FALSE,0,TRUE,0,27,TRUE,10,complete,2019-12-05T09:04
484,FALSE,252,TRUE,0,47,TRUE,10,incomplete,2019-12-05T09:07
485,FALSE,0,TRUE,0,10,TRUE,9.6,incomplete,2019-12-05T09:07
486,FALSE,0,TRUE,0,14,TRUE,9.4,complete,2019-12-05T09:08
487,FALSE,0,TRUE,0,19,TRUE,9.4,incomplete,2019-12-05T09:09
488,FALSE,0,TRUE,0,9,TRUE,9.6,incomplete,2019-12-05T09:10
489,FALSE,225,TRUE,0,9,TRUE,9.4,complete,2019-12-05T09:11
490,FALSE,0,TRUE,0,12,TRUE,10,complete,2019-12-05T09:12
491,FALSE,0,TRUE,0,8,TRUE,9.6,incomplete,2019-12-05T09:13
492,FALSE,0,TRUE,0,9,TRUE,9.4,incomplete,2019-12-05T09:14
493,FALSE,0,TRUE,0,10,TRUE,9.6,complete,2019-12-05T09:15
494,TRUE,271,TRUE,0,12,TRUE,10,complete,2019-12-05T09:16
495,FALSE,508,TRUE,0,12,TRUE,9.6,complete,2019-12-05T09:17
496,FALSE,0,TRUE,0,15,TRUE,9.4,complete,2019-12-05T09:18
497,FALSE,0,TRUE,0,23,TRUE,11,incomplete,2019-12-05T09:19
498,TRUE,0,TRUE,0,8,TRUE,9.2,complete,2019-12-05T09:20
499,FALSE,503,TRUE,0,10,TRUE,10,incomplete,2019-12-05T09:21
500,FALSE,0,TRUE,0,9,TRUE,9.8,incomplete,2019-12-05T09:22
501,FALSE,0,TRUE,0,17,TRUE,9.4,complete,2019-12-05T09:23
502,TRUE,475,TRUE,0,28,TRUE,10.4,incomplete,2019-12-05T09:24
503,FALSE,0,TRUE,0,12,TRUE,11,incomplete,2019-12-05T09:25
504,FALSE,0,TRUE,0,16,TRUE,10.6,incomplete,2019-12-05T09:26
505,FALSE,0,TRUE,0,19,TRUE,10.6,complete,2019-12-05T09:27
506,TRUE,1834,TRUE,0,26,TRUE,9.6,complete,2019-12-05T09:28
507,FALSE,3068,TRUE,0,650,TRUE,10.8,incomplete,2019-12-05T09:29
508,FALSE,0,TRUE,0,2,TRUE,10,incomplete,2019-12-05T09:30
509,TRUE,0,TRUE,0,12,TRUE,10,complete,2019-12-05T09:31
510,FALSE,0,TRUE,0,9,TRUE,9.4,incomplete,2019-12-05T09:32
511,FALSE,0,TRUE,0,6,TRUE,9.6,incomplete,2019-12-05T09:33
512,FALSE,0,TRUE,0,8,TRUE,9.6,incomplete,2019-12-05T09:34
513,TRUE,0,TRUE,0,16,TRUE,10.6,incomplete,2019-12-05T09:35
514,TRUE,2861,TRUE,0,67,TRUE,9.4,complete,2019-12-05T09:36
515,TRUE,1585,TRUE,0,90,TRUE,9.2,complete,2019-12-05T09:37
516,TRUE,3873,TRUE,0,232,TRUE,9.4,complete,2019-12-05T09:38
517,FALSE,1092,TRUE,0,97,TRUE,9.4,complete,2019-12-05T09:39
518,TRUE,2270,TRUE,0,29,TRUE,10,complete,2019-12-05T09:40
519,FALSE,1031,TRUE,0,11,TRUE,10.6,incomplete,2019-12-05T09:41
520,TRUE,1142,TRUE,0,20,TRUE,10.6,complete,2019-12-05T09:42
521,TRUE,1137,TRUE,0,24,TRUE,9.4,complete,2019-12-05T09:43
522,TRUE,2916,TRUE,0,173,TRUE,10,complete,2019-12-05T09:44
523,FALSE,3209,TRUE,0,226,TRUE,10.2,complete,2019-12-05T09:45
524,TRUE,3110,TRUE,0,47,TRUE,11.2,complete,2019-12-05T09:46
525,FALSE,685,TRUE,0,182,TRUE,9.6,incomplete,2019-12-05T09:47
526,FALSE,0,TRUE,0,17,TRUE,9.4,complete,2019-12-05T09:48
527,FALSE,0,TRUE,0,14,TRUE,9.4,incomplete,2019-12-05T09:49
528,TRUE,0,TRUE,0,21,TRUE,9.2,incomplete,2019-12-05T09:50
529,TRUE,2465,TRUE,0,108,TRUE,9.4,complete,2019-12-05T09:51
530,FALSE,3066,TRUE,0,306,TRUE,10.4,incomplete,2019-12-05T09:52
531,TRUE,4481,TRUE,0,46,TRUE,11,complete,2019-12-05T09:53
532,TRUE,1515,TRUE,0,189,TRUE,9.8,incomplete,2019-12-05T09:54
533,FALSE,2204,TRUE,0,115,TRUE,9.4,complete,2019-12-05T09:55
534,TRUE,379,TRUE,0,33,TRUE,9.6,complete,2019-12-05T09:56
535,TRUE,4739,TRUE,0,275,TRUE,10.8,complete,2019-12-05T09:57
536,TRUE,3125,TRUE,0,634,TRUE,10.4,complete,2019-12-05T09:58
537,TRUE,2836,TRUE,0,34,TRUE,9.6,complete,2019-12-05T09:59
538,TRUE,5215,TRUE,0,141,TRUE,11,complete,2019-12-05T10:00
539,FALSE,2684,TRUE,0,28,TRUE,10.8,complete,2019-12-05T10:01
540,TRUE,1318,TRUE,0,27,TRUE,10,complete,2019-12-05T10:02
541,TRUE,2368,TRUE,0,18,TRUE,9.4,complete,2019-12-05T10:03
542,FALSE,6195,TRUE,0,89,TRUE,9.6,complete,2019-12-05T10:07
543,FALSE,2213,TRUE,0,120,TRUE,10.6,complete,2019-12-05T10:07
544,TRUE,0,TRUE,0,20,TRUE,9.4,complete,2019-12-05T10:08
545,FALSE,382,TRUE,0,15,TRUE,11,complete,2019-12-05T10:09
546,TRUE,3214,TRUE,0,34,TRUE,11.4,complete,2019-12-05T10:10
547,TRUE,5370,TRUE,0,306,TRUE,9.8,complete,2019-12-05T10:11
548,TRUE,3730,TRUE,0,85,TRUE,9.4,complete,2019-12-05T10:12
549,FALSE,5406,TRUE,0,93,TRUE,10.8,incomplete,2019-12-05T10:13
550,TRUE,5200,TRUE,0,574,TRUE,9.8,complete,2019-12-05T10:14
551,TRUE,4813,TRUE,0,628,TRUE,9.6,complete,2019-12-05T10:15
552,TRUE,4903,TRUE,0,264,TRUE,9.2,complete,2019-12-05T10:16
553,TRUE,4209,TRUE,0,251,TRUE,10,complete,2019-12-05T10:17
554,TRUE,4746,TRUE,0,67,TRUE,10,complete,2019-12-05T10:18
555,TRUE,4429,TRUE,0,259,TRUE,10.2,complete,2019-12-05T10:19
556,TRUE,5028,TRUE,0,154,TRUE,9.4,complete,2019-12-05T10:20
557,FALSE,4052,TRUE,0,181,TRUE,10.2,incomplete,2019-12-05T10:21
558,TRUE,3582,TRUE,0,31,TRUE,9.6,complete,2019-12-05T10:22
559,FALSE,4448,TRUE,0,32,TRUE,9.8,complete,2019-12-05T10:23
560,TRUE,4969,TRUE,0,162,TRUE,9.4,complete,2019-12-05T10:24
561,TRUE,4916,TRUE,0,325,TRUE,9.4,complete,2019-12-05T10:25
562,TRUE,3381,TRUE,0,27,TRUE,9.4,complete,2019-12-05T10:26
563,TRUE,4392,TRUE,0,67,TRUE,9.4,complete,2019-12-05T10:27
564,TRUE,4012,TRUE,0,125,TRUE,9.4,complete,2019-12-05T10:28
565,FALSE,4409,TRUE,0,266,TRUE,9.2,complete,2019-12-05T10:29
566,TRUE,4824,TRUE,0,379,TRUE,10.2,complete,2019-12-05T10:30
567,FALSE,3366,TRUE,0,370,TRUE,9.4,complete,2019-12-05T10:31
568,FALSE,3255,TRUE,0,35,TRUE,10,complete,2019-12-05T10:32
569,TRUE,3366,TRUE,0,26,TRUE,11,complete,2019-12-05T10:33
570,TRUE,4384,TRUE,0,41,TRUE,9.4,complete,2019-12-05T10:34
571,TRUE,4178,TRUE,0,175,TRUE,10,complete,2019-12-05T10:35
572,TRUE,3636,TRUE,0,42,TRUE,9.8,complete,2019-12-05T10:36
573,TRUE,3846,TRUE,0,35,TRUE,9.4,complete,2019-12-05T10:37
574,TRUE,4296,TRUE,0,166,TRUE,9.6,complete,2019-12-05T10:38
575,FALSE,3101,TRUE,0,32,TRUE,9.6,complete,2019-12-05T10:39
576,FALSE,2025,TRUE,0,24,TRUE,11,incomplete,2019-12-05T10:40
577,FALSE,1512,TRUE,0,18,TRUE,10.8,incomplete,2019-12-05T10:41
578,FALSE,723,TRUE,0,23,TRUE,10.6,complete,2019-12-05T10:42
579,TRUE,0,TRUE,0,9,TRUE,9.4,incomplete,2019-12-05T10:43
580,FALSE,0,TRUE,0,9,TRUE,9.2,incomplete,2019-12-05T10:44
581,FALSE,242,TRUE,0,13,TRUE,10,incomplete,2019-12-05T10:45
582,FALSE,240,TRUE,0,13,TRUE,10.4,complete,2019-12-05T10:46
583,FALSE,0,TRUE,0,13,TRUE,9.4,complete,2019-12-05T10:47
584,TRUE,490,TRUE,0,17,TRUE,10,incomplete,2019-12-05T10:48
585,FALSE,608,TRUE,0,25,TRUE,10.4,incomplete,2019-12-05T10:49
586,TRUE,230,TRUE,0,9,TRUE,10,complete,2019-12-05T10:50
587,FALSE,39,TRUE,0,14,TRUE,9.6,complete,2019-12-05T10:51
588,FALSE,468,TRUE,0,17,TRUE,9.4,incomplete,2019-12-05T10:52
589,FALSE,924,TRUE,0,63,TRUE,9.6,incomplete,2019-12-05T10:57
590,FALSE,486,TRUE,0,19,TRUE,10.6,incomplete,2019-12-05T10:58
591,FALSE,264,TRUE,0,16,TRUE,9.4,incomplete,2019-12-05T10:59
592,TRUE,692,TRUE,0,20,TRUE,9.6,complete,2019-12-05T11:00
593,FALSE,457,TRUE,0,17,TRUE,10.6,complete,2019-12-05T11:01
594,FALSE,249,TRUE,0,6,TRUE,10.8,complete,2019-12-05T11:02
595,FALSE,515,TRUE,0,21,TRUE,11,complete,2019-12-05T11:03
596,FALSE,429,TRUE,0,20,TRUE,10.8,complete,2019-12-05T11:04
597,FALSE,495,TRUE,0,15,TRUE,10.4,complete,2019-12-05T11:05
598,FALSE,253,TRUE,0,19,TRUE,9.4,incomplete,2019-12-05T11:06
599,FALSE,0,TRUE,0,13,TRUE,9.4,complete,2019-12-05T11:07
600,FALSE,460,TRUE,0,10,TRUE,9.2,incomplete,2019-12-05T11:08
601,FALSE,729,TRUE,0,17,TRUE,9.4,incomplete,2019-12-05T11:09
602,FALSE,0,TRUE,0,28,TRUE,9.4,complete,2019-12-05T11:10
603,FALSE,0,TRUE,0,9,TRUE,9.2,complete,2019-12-05T11:11
604,FALSE,518,TRUE,0,14,TRUE,9.6,complete,2019-12-05T11:12
605,FALSE,394,TRUE,0,30,TRUE,10.8,complete,2019-12-05T11:13
606,FALSE,517,TRUE,0,19,TRUE,11.2,complete,2019-12-05T11:14
607,FALSE,1249,TRUE,0,27,TRUE,10.8,incomplete,2019-12-05T11:15
608,FALSE,225,TRUE,0,13,TRUE,10.2,incomplete,2019-12-05T11:16
609,FALSE,483,TRUE,0,15,TRUE,9.2,complete,2019-12-05T11:17
610,FALSE,258,TRUE,0,23,TRUE,9.6,incomplete,2019-12-05T11:18
611,FALSE,0,TRUE,0,21,TRUE,9.4,complete,2019-12-05T11:19
612,FALSE,326,TRUE,0,17,TRUE,9.6,incomplete,2019-12-05T11:20
613,FALSE,812,TRUE,0,22,TRUE,10.4,complete,2019-12-05T11:21
614,FALSE,224,TRUE,0,23,TRUE,11,complete,2019-12-05T11:22
615,TRUE,250,TRUE,0,20,TRUE,9.6,incomplete,2019-12-05T11:23
616,FALSE,498,TRUE,0,21,TRUE,9.4,incomplete,2019-12-05T11:24
617,FALSE,751,TRUE,0,49,TRUE,9.4,complete,2019-12-05T11:27
618,FALSE,0,TRUE,0,15,TRUE,10.2,complete,2019-12-05T11:27
619,FALSE,264,TRUE,0,17,TRUE,9.8,incomplete,2019-12-05T11:28
620,TRUE,202,TRUE,0,22,TRUE,10.2,complete,2019-12-05T11:29
621,TRUE,372,TRUE,0,29,TRUE,10.4,complete,2019-12-05T11:30
622,TRUE,699,TRUE,0,25,TRUE,10,incomplete,2019-12-05T11:31
623,FALSE,0,TRUE,0,18,TRUE,10.2,incomplete,2019-12-05T11:32
624,FALSE,247,TRUE,0,21,TRUE,9.4,incomplete,2019-12-05T11:33
625,FALSE,0,TRUE,0,7,TRUE,9.6,incomplete,2019-12-05T11:34
626,FALSE,310,TRUE,0,28,TRUE,9.6,complete,2019-12-05T11:35
627,FALSE,510,TRUE,0,21,TRUE,10.4,incomplete,2019-12-05T11:36
628,FALSE,275,TRUE,0,22,TRUE,10.8,complete,2019-12-05T11:37
629,TRUE,477,TRUE,0,25,TRUE,10,complete,2019-12-05T11:38
630,FALSE,0,TRUE,0,10,TRUE,11.2,complete,2019-12-05T11:39
631,FALSE,482,TRUE,0,19,TRUE,9.2,complete,2019-12-05T11:40
632,FALSE,250,TRUE,0,18,TRUE,9.2,complete,2019-12-05T11:41
633,TRUE,540,TRUE,0,21,TRUE,9.4,complete,2019-12-05T11:42
634,FALSE,755,TRUE,0,16,TRUE,9.4,incomplete,2019-12-05T11:43
635,FALSE,0,TRUE,0,17,TRUE,9.4,complete,2019-12-05T11:44
636,FALSE,359,TRUE,0,19,TRUE,9.8,complete,2019-12-05T11:45
637,TRUE,410,TRUE,0,14,TRUE,9.4,complete,2019-12-05T11:46
638,FALSE,253,TRUE,0,21,TRUE,9.6,complete,2019-12-05T11:47
639,FALSE,494,TRUE,0,18,TRUE,9.4,complete,2019-12-05T11:48
640,FALSE,0,TRUE,0,15,TRUE,10.2,incomplete,2019-12-05T11:49
641,FALSE,242,TRUE,0,18,TRUE,10,complete,2019-12-05T11:50
642,TRUE,0,TRUE,0,16,TRUE,10,complete,2019-12-05T11:51
643,TRUE,9,TRUE,0,31,TRUE,10.6,complete,2019-12-05T11:52
644,TRUE,485,TRUE,0,17,TRUE,10.6,complete,2019-12-05T11:53
645,FALSE,0,TRUE,0,12,TRUE,9.4,incomplete,2019-12-05T11:54
646,FALSE,737,TRUE,0,21,TRUE,10.2,incomplete,2019-12-05T11:55
647,FALSE,3563,TRUE,0,359,TRUE,9.2,incomplete,2019-12-05T11:56
648,TRUE,732,TRUE,0,27,TRUE,10.6,complete,2019-12-05T11:57
649,TRUE,2268,TRUE,0,21,TRUE,9.8,complete,2019-12-05T11:58
650,TRUE,3190,TRUE,0,217,TRUE,10.2,complete,2019-12-05T11:59
651,FALSE,1397,TRUE,0,201,TRUE,9.2,complete,2019-12-05T12:00
652,FALSE,1041,TRUE,0,21,TRUE,9.4,complete,2019-12-05T12:01
653,FALSE,462,TRUE,0,18,TRUE,9.4,complete,2019-12-05T12:02
654,TRUE,487,TRUE,0,14,TRUE,10.6,complete,2019-12-05T12:03
655,FALSE,2696,TRUE,0,202,TRUE,9.4,complete,2019-12-05T12:04
656,TRUE,3631,TRUE,0,250,TRUE,10,complete,2019-12-05T12:05
657,TRUE,505,TRUE,0,18,TRUE,10,complete,2019-12-05T12:06
658,FALSE,1704,TRUE,0,110,TRUE,10,complete,2019-12-05T12:07
659,FALSE,513,TRUE,0,27,TRUE,11.4,complete,2019-12-05T12:09
660,TRUE,704,TRUE,0,18,TRUE,10.4,complete,2019-12-05T12:10
661,FALSE,3171,TRUE,0,360,TRUE,10.4,complete,2019-12-05T12:11
662,FALSE,2761,TRUE,0,237,TRUE,9.2,incomplete,2019-12-05T12:12
663,FALSE,0,TRUE,0,17,TRUE,10.8,incomplete,2019-12-05T12:13
664,TRUE,0,TRUE,0,25,TRUE,9.4,complete,2019-12-05T12:14
665,FALSE,2550,TRUE,0,139,TRUE,11,incomplete,2019-12-05T12:15
666,FALSE,0,TRUE,0,17,TRUE,10,incomplete,2019-12-05T12:16
667,TRUE,3330,TRUE,0,287,TRUE,9.4,complete,2019-12-05T12:17
668,FALSE,2077,TRUE,0,70,TRUE,9.4,incomplete,2019-12-05T12:18
669,TRUE,0,TRUE,0,10,TRUE,9.6,complete,2019-12-05T12:19
670,TRUE,1106,TRUE,0,22,TRUE,9.4,complete,2019-12-05T12:20
671,FALSE,683,TRUE,0,25,TRUE,9.8,incomplete,2019-12-05T12:21
672,TRUE,3647,TRUE,0,104,TRUE,10.6,complete,2019-12-05T12:22
673,TRUE,4129,TRUE,0,620,TRUE,9.2,complete,2019-12-05T12:23
674,TRUE,3668,TRUE,0,37,TRUE,9.6,complete,2019-12-05T12:24
675,FALSE,12380,TRUE,0,993,TRUE,9.4,complete,2019-12-05T12:27
676,TRUE,5086,TRUE,0,559,TRUE,10.6,complete,2019-12-05T12:28
677,TRUE,1635,TRUE,0,239,TRUE,9.2,complete,2019-12-05T12:29
678,TRUE,3059,TRUE,0,60,TRUE,10,complete,2019-12-05T12:30
679,FALSE,4847,TRUE,0,736,TRUE,9.8,incomplete,2019-12-05T12:31
680,TRUE,1820,TRUE,0,44,TRUE,11.4,complete,2019-12-05T12:32
681,TRUE,4158,TRUE,0,390,TRUE,9.6,complete,2019-12-05T12:33
682,TRUE,1748,TRUE,0,31,TRUE,10,complete,2019-12-05T12:34
683,TRUE,4184,TRUE,0,295,TRUE,9.4,complete,2019-12-05T12:35
684,TRUE,4061,TRUE,0,374,TRUE,9.4,complete,2019-12-05T12:36
685,TRUE,2282,TRUE,0,292,TRUE,9.2,complete,2019-12-05T12:37
686,TRUE,4324,TRUE,0,333,TRUE,10.2,complete,2019-12-05T12:38
687,TRUE,3126,TRUE,0,246,TRUE,9.4,complete,2019-12-05T12:39
688,FALSE,2194,TRUE,0,21,TRUE,10.4,complete,2019-12-05T12:40
689,TRUE,2728,TRUE,0,35,TRUE,9.4,complete,2019-12-05T12:41
690,TRUE,4277,TRUE,0,539,TRUE,9.4,complete,2019-12-05T12:42
691,TRUE,4589,TRUE,0,133,TRUE,9.4,complete,2019-12-05T12:43
692,FALSE,4849,TRUE,0,160,TRUE,9.4,complete,2019-12-05T12:44
693,TRUE,4912,TRUE,0,242,TRUE,9.8,complete,2019-12-05T12:45
694,TRUE,5353,TRUE,0,416,TRUE,10.8,complete,2019-12-05T12:46
695,FALSE,4731,TRUE,0,709,TRUE,10.2,incomplete,2019-12-05T12:47
696,TRUE,4301,TRUE,0,155,TRUE,9.6,complete,2019-12-05T12:48
697,TRUE,4976,TRUE,0,429,TRUE,10,complete,2019-12-05T12:49
698,TRUE,5171,TRUE,0,372,TRUE,10.2,complete,2019-12-05T12:50
699,TRUE,4759,TRUE,0,482,TRUE,9.8,complete,2019-12-05T12:51
700,TRUE,4900,TRUE,0,392,TRUE,10.6,complete,2019-12-05T12:52
701,TRUE,4579,TRUE,0,77,TRUE,9.4,complete,2019-12-05T12:53
702,TRUE,4124,TRUE,0,99,TRUE,9.6,complete,2019-12-05T12:54
703,TRUE,5027,TRUE,0,400,TRUE,10,complete,2019-12-05T12:55
704,TRUE,4526,TRUE,0,264,TRUE,10.2,complete,2019-12-05T12:56
705,TRUE,4508,TRUE,0,181,TRUE,9.4,complete,2019-12-05T12:57
706,TRUE,4860,TRUE,0,330,TRUE,9.8,complete,2019-12-05T12:58
707,TRUE,3734,TRUE,0,34,TRUE,9.6,complete,2019-12-05T12:59
708,TRUE,4811,TRUE,0,250,TRUE,9.4,complete,2019-12-05T13:00
709,TRUE,5276,TRUE,0,478,TRUE,9.4,complete,2019-12-05T13:01
710,TRUE,4880,TRUE,0,701,TRUE,9.6,complete,2019-12-05T13:02
711,TRUE,3789,TRUE,0,31,TRUE,10.6,complete,2019-12-05T13:03
712,TRUE,4964,TRUE,0,336,TRUE,11,complete,2019-12-05T13:04
713,FALSE,4738,TRUE,0,617,TRUE,9.4,complete,2019-12-05T13:05
714,TRUE,4128,TRUE,0,100,TRUE,9.8,complete,2019-12-05T13:06
715,FALSE,0,TRUE,0,0,TRUE,9.4,complete,2019-12-05T13:07
716,FALSE,0,TRUE,0,0,TRUE,9.4,complete,2019-12-05T13:08
717,FALSE,0,TRUE,0,0,TRUE,10,complete,2019-12-05T13:09
718,FALSE,0,TRUE,0,0,TRUE,10.4,complete,2019-12-05T13:10
719,FALSE,0,TRUE,0,0,TRUE,9.6,complete,2019-12-05T13:11
720,FALSE,0,TRUE,0,0,TRUE,11,complete,2019-12-05T13:12
721,FALSE,0,TRUE,0,0,TRUE,9.4,complete,2019-12-05T13:13
722,FALSE,0,TRUE,0,0,TRUE,11,complete,2019-12-05T13:14
723,FALSE,0,TRUE,0,0,TRUE,9.6,complete,2019-12-05T13:15
724,FALSE,0,TRUE,0,0,TRUE,9.4,complete,2019-12-05T13:16
725,FALSE,0,TRUE,0,0,TRUE,9.6,complete,2019-12-05T13:17
726,FALSE,0,TRUE,0,0,TRUE,9.4,complete,2019-12-05T13:18
727,FALSE,0,TRUE,0,0,TRUE,10.8,complete,2019-12-05T13:19
728,FALSE,0,TRUE,0,0,TRUE,9.8,complete,2019-12-05T13:20
729,FALSE,0,TRUE,0,0,TRUE,10.4,complete,2019-12-05T13:21
730,FALSE,0,TRUE,0,0,TRUE,9.4,complete,2019-12-05T13:22
731,FALSE,0,TRUE,0,0,TRUE,10.8,complete,2019-12-05T13:23
732,FALSE,0,TRUE,0,0,TRUE,10.6,complete,2019-12-05T13:24
733,FALSE,0,TRUE,0,0,TRUE,9.6,complete,2019-12-05T13:27
734,FALSE,0,TRUE,0,0,TRUE,10.6,complete,2019-12-05T13:28
735,FALSE,0,TRUE,0,0,TRUE,9.6,complete,2019-12-05T13:29
736,FALSE,0,TRUE,0,0,TRUE,10.6,complete,2019-12-05T13:30
737,FALSE,0,TRUE,0,0,TRUE,9.8,complete,2019-12-05T13:31
738,FALSE,0,TRUE,0,0,TRUE,10.6,complete,2019-12-05T13:32
739,FALSE,0,TRUE,0,0,TRUE,9.4,complete,2019-12-05T13:33
740,FALSE,0,TRUE,0,0,TRUE,10.2,complete,2019-12-05T13:34
741,FALSE,0,TRUE,0,0,TRUE,9.4,complete,2019-12-05T13:35
742,FALSE,0,TRUE,0,0,TRUE,10,complete,2019-12-05T13:36
743,FALSE,0,TRUE,0,0,TRUE,10.4,complete,2019-12-05T13:37
744,FALSE,0,TRUE,0,0,TRUE,9.6,complete,2019-12-05T13:38
745,FALSE,0,TRUE,0,0,TRUE,9.4,complete,2019-12-05T13:39
746,FALSE,0,TRUE,0,0,TRUE,11,complete,2019-12-05T13:40
747,FALSE,0,TRUE,0,0,TRUE,9.8,complete,2019-12-05T13:41
748,FALSE,0,TRUE,0,0,TRUE,10.8,complete,2019-12-05T13:42
749,FALSE,0,TRUE,0,0,TRUE,9.4,complete,2019-12-05T13:43
750,FALSE,0,TRUE,0,0,TRUE,10.2,complete,2019-12-05T13:44
751,FALSE,0,TRUE,0,0,TRUE,9.4,complete,2019-12-05T13:45
752,FALSE,0,TRUE,0,0,TRUE,9.4,complete,2019-12-05T13:46
753,FALSE,0,TRUE,0,0,TRUE,10.4,complete,2019-12-05T13:47
754,FALSE,0,TRUE,0,0,TRUE,10,complete,2019-12-05T13:48
755,FALSE,0,TRUE,0,0,TRUE,9.4,complete,2019-12-05T13:49
756,FALSE,0,TRUE,0,0,TRUE,9.6,complete,2019-12-05T13:50
757,FALSE,0,TRUE,0,0,TRUE,9.2,complete,2019-12-05T13:51
758,FALSE,0,TRUE,0,0,TRUE,10.4,complete,2019-12-05T13:52
759,FALSE,0,TRUE,0,0,TRUE,9.6,complete,2019-12-05T13:53
760,FALSE,0,TRUE,0,0,TRUE,9.6,complete,2019-12-05T13:54
761,FALSE,0,TRUE,0,0,TRUE,11,complete,2019-12-05T13:55
762,FALSE,0,TRUE,0,0,TRUE,9.6,complete,2019-12-05T13:56
763,FALSE,0,TRUE,0,0,TRUE,10.6,complete,2019-12-05T13:57
764,FALSE,0,TRUE,0,0,TRUE,9.6,complete,2019-12-05T13:58
765,FALSE,0,TRUE,0,0,TRUE,9.4,complete,2019-12-05T13:59
766,FALSE,0,TRUE,0,0,TRUE,9.4,complete,2019-12-05T14:00
767,FALSE,0,TRUE,0,0,TRUE,9.4,complete,2019-12-05T14:01
768,FALSE,0,TRUE,0,0,TRUE,9.2,complete,2019-12-05T14:02
769,FALSE,0,TRUE,0,0,TRUE,9.2,complete,2019-12-05T14:03
770,FALSE,0,TRUE,0,0,TRUE,10.4,complete,2019-12-05T14:04
771,FALSE,0,TRUE,0,0,TRUE,10.2,complete,2019-12-05T14:05
772,FALSE,261,TRUE,0,9,TRUE,10.4,incomplete,2019-12-05T14:06
773,FALSE,0,TRUE,0,13,TRUE,9.2,incomplete,2019-12-05T14:07
774,FALSE,0,TRUE,0,12,TRUE,10,complete,2019-12-05T14:08
775,FALSE,0,TRUE,0,19,TRUE,10.4,incomplete,2019-12-05T14:09
776,FALSE,0,TRUE,0,21,TRUE,9.4,incomplete,2019-12-05T14:10
777,FALSE,0,TRUE,0,18,TRUE,9.6,incomplete,2019-12-05T14:11
778,FALSE,0,TRUE,0,9,TRUE,9.2,incomplete,2019-12-05T14:12
779,FALSE,0,TRUE,0,12,TRUE,9.6,complete,2019-12-05T14:13
780,FALSE,255,TRUE,0,25,TRUE,10,complete,2019-12-05T14:14
781,FALSE,0,TRUE,0,4,TRUE,9.2,complete,2019-12-05T14:15
782,TRUE,0,TRUE,0,17,TRUE,10.6,complete,2019-12-05T14:16
783,FALSE,0,TRUE,0,16,TRUE,9.4,incomplete,2019-12-05T14:17
784,FALSE,0,TRUE,0,13,TRUE,9.4,incomplete,2019-12-05T14:18
785,FALSE,0,TRUE,0,21,TRUE,10,complete,2019-12-05T14:19
786,FALSE,0,TRUE,0,21,TRUE,10.8,complete,2019-12-05T14:20
787,TRUE,0,TRUE,0,20,TRUE,10.8,complete,2019-12-05T14:21
788,FALSE,0,TRUE,0,19,TRUE,10.2,incomplete,2019-12-05T14:22
789,FALSE,0,TRUE,0,19,TRUE,9.4,incomplete,2019-12-05T14:23
790,FALSE,0,TRUE,0,8,TRUE,9.6,complete,2019-12-05T14:24
791,FALSE,1,TRUE,0,44,TRUE,9.8,complete,2019-12-05T14:27
792,FALSE,1463,TRUE,0,24,TRUE,9.4,incomplete,2019-12-05T14:28
793,TRUE,1,TRUE,0,20,TRUE,10.6,complete,2019-12-05T14:29
794,FALSE,0,TRUE,0,17,TRUE,9.6,incomplete,2019-12-05T14:30
795,FALSE,1,TRUE,0,16,TRUE,10.6,incomplete,2019-12-05T14:31
796,FALSE,0,TRUE,0,21,TRUE,9.8,complete,2019-12-05T14:32
797,TRUE,5242,TRUE,0,679,TRUE,9.6,complete,2019-12-05T14:33
798,TRUE,4622,TRUE,0,449,TRUE,9.8,complete,2019-12-05T14:34
799,FALSE,2691,TRUE,0,527,TRUE,9.4,incomplete,2019-12-05T14:35
800,FALSE,0,TRUE,0,17,TRUE,9.4,incomplete,2019-12-05T14:36
801,TRUE,1304,TRUE,0,24,TRUE,9.4,complete,2019-12-05T14:37
802,FALSE,967,TRUE,0,167,TRUE,10.4,incomplete,2019-12-05T14:38
803,FALSE,1,TRUE,0,17,TRUE,9.6,incomplete,2019-12-05T14:39
804,TRUE,0,TRUE,0,13,TRUE,11.2,complete,2019-12-05T14:40
805,TRUE,176,TRUE,0,20,TRUE,10.8,complete,2019-12-05T14:41
806,FALSE,2366,TRUE,0,209,TRUE,10.6,incomplete,2019-12-05T14:42
807,FALSE,0,TRUE,0,16,TRUE,9.8,complete,2019-12-05T14:43
808,FALSE,1,TRUE,0,16,TRUE,10.6,incomplete,2019-12-05T14:44
809,FALSE,0,TRUE,0,15,TRUE,10,complete,2019-12-05T14:45
810,FALSE,0,TRUE,0,6,TRUE,11.6,complete,2019-12-05T14:46
811,TRUE,5144,TRUE,0,582,TRUE,10,complete,2019-12-05T14:47
812,FALSE,4757,TRUE,0,920,TRUE,10,incomplete,2019-12-05T14:48
813,FALSE,10,TRUE,0,54,TRUE,9.4,incomplete,2019-12-05T14:49
814,TRUE,0,TRUE,0,19,TRUE,10.6,complete,2019-12-05T14:50
815,TRUE,3770,TRUE,0,234,TRUE,11.4,complete,2019-12-05T14:51
816,FALSE,1534,TRUE,0,191,TRUE,10,complete,2019-12-05T14:52
817,TRUE,0,TRUE,0,11,TRUE,10,complete,2019-12-05T14:53
818,TRUE,1494,TRUE,0,29,TRUE,9.8,complete,2019-12-05T14:54
819,FALSE,1039,TRUE,0,76,TRUE,10.6,complete,2019-12-05T14:55
820,TRUE,2819,TRUE,0,230,TRUE,9.2,complete,2019-12-05T14:56
821,FALSE,4891,TRUE,0,692,TRUE,9.6,complete,2019-12-05T14:57
822,TRUE,83,TRUE,0,16,TRUE,9.6,complete,2019-12-05T14:58
823,FALSE,4188,TRUE,0,652,TRUE,9.6,complete,2019-12-05T14:59
824,TRUE,5013,TRUE,0,769,TRUE,10.2,complete,2019-12-05T15:00
825,TRUE,4343,TRUE,0,604,TRUE,10.8,complete,2019-12-05T15:01
826,FALSE,1299,TRUE,0,256,TRUE,10,incomplete,2019-12-05T15:02
827,TRUE,0,TRUE,0,15,TRUE,11,complete,2019-12-05T15:03
828,TRUE,2539,TRUE,0,47,TRUE,10.2,complete,2019-12-05T15:04
829,TRUE,4882,TRUE,0,350,TRUE,11,complete,2019-12-05T15:05
830,TRUE,5046,TRUE,0,1168,TRUE,9.4,complete,2019-12-05T15:06
831,FALSE,759,TRUE,0,20,TRUE,10.6,complete,2019-12-05T15:07
832,TRUE,3527,TRUE,0,471,TRUE,9.2,complete,2019-12-05T15:08
833,FALSE,163,TRUE,0,138,TRUE,9.6,complete,2019-12-05T15:09
834,TRUE,4425,TRUE,0,601,TRUE,9.8,complete,2019-12-05T15:10
835,TRUE,5606,TRUE,0,1061,TRUE,10.2,complete,2019-12-05T15:11
836,TRUE,4065,TRUE,0,273,TRUE,9.8,complete,2019-12-05T15:12
837,TRUE,4828,TRUE,0,1017,TRUE,9.8,complete,2019-12-05T15:13
838,FALSE,2442,TRUE,0,29,TRUE,9.4,incomplete,2019-12-05T15:14
839,TRUE,4376,TRUE,0,157,TRUE,9.4,complete,2019-12-05T15:15
840,TRUE,4910,TRUE,0,441,TRUE,9.4,complete,2019-12-05T15:16
841,TRUE,5456,TRUE,0,652,TRUE,10.2,complete,2019-12-05T15:17
842,TRUE,4495,TRUE,0,647,TRUE,9.4,complete,2019-12-05T15:18
843,TRUE,4720,TRUE,0,212,TRUE,9.8,complete,2019-12-05T15:19
844,TRUE,5223,TRUE,0,723,TRUE,10.6,incomplete,2019-12-05T15:20
845,TRUE,5124,TRUE,0,750,TRUE,9.2,complete,2019-12-05T15:21
846,FALSE,4076,TRUE,0,509,TRUE,10.6,incomplete,2019-12-05T15:22
847,TRUE,5442,TRUE,0,735,TRUE,10.4,complete,2019-12-05T15:23
848,TRUE,5414,TRUE,0,1000,TRUE,9.8,complete,2019-12-05T15:24
849,FALSE,19005,TRUE,0,2349,TRUE,10.8,complete,2019-12-05T15:28
850,FALSE,2963,TRUE,0,30,TRUE,10,complete,2019-12-05T15:29
851,TRUE,4600,TRUE,0,34,TRUE,10.6,complete,2019-12-05T15:30
852,TRUE,4305,TRUE,0,85,TRUE,11.2,complete,2019-12-05T15:31
853,TRUE,3139,TRUE,0,30,TRUE,9.2,complete,2019-12-05T15:32
854,TRUE,5194,TRUE,0,685,TRUE,10.2,complete,2019-12-05T15:33
855,TRUE,5119,TRUE,0,389,TRUE,9.2,complete,2019-12-05T15:34
856,TRUE,4378,TRUE,0,245,TRUE,9.6,complete,2019-12-05T15:35
857,TRUE,4817,TRUE,0,1368,TRUE,9.4,complete,2019-12-05T15:36
858,TRUE,4290,TRUE,0,358,TRUE,9.6,complete,2019-12-05T15:37
859,TRUE,4145,TRUE,0,305,TRUE,9.6,complete,2019-12-05T15:38
860,FALSE,2668,TRUE,0,543,TRUE,10,complete,2019-12-05T15:39
861,FALSE,3915,TRUE,0,257,TRUE,10.2,complete,2019-12-05T15:40
862,TRUE,3266,TRUE,0,111,TRUE,10,complete,2019-12-05T15:41
863,FALSE,3477,TRUE,0,87,TRUE,9.4,complete,2019-12-05T15:42
864,TRUE,2293,TRUE,0,24,TRUE,9.2,complete,2019-12-05T15:43
865,TRUE,2517,TRUE,0,26,TRUE,10.6,complete,2019-12-05T15:44
866,FALSE,1648,TRUE,0,17,TRUE,10,complete,2019-12-05T15:45
867,FALSE,0,TRUE,0,15,TRUE,10.4,complete,2019-12-05T15:46
868,FALSE,1549,TRUE,0,38,TRUE,10.8,complete,2019-12-05T15:47
869,FALSE,0,TRUE,0,13,TRUE,9.4,complete,2019-12-05T15:48
870,TRUE,240,TRUE,0,19,TRUE,9.4,incomplete,2019-12-05T15:49
871,FALSE,463,TRUE,0,21,TRUE,9.6,complete,2019-12-05T15:50
872,FALSE,166,TRUE,0,12,TRUE,11,incomplete,2019-12-05T15:51
873,FALSE,0,TRUE,0,9,TRUE,9.4,complete,2019-12-05T15:52
874,FALSE,0,TRUE,0,18,TRUE,10,complete,2019-12-05T15:53
875,FALSE,30,TRUE,0,16,TRUE,9.4,incomplete,2019-12-05T15:54
876,FALSE,443,TRUE,0,22,TRUE,10.2,incomplete,2019-12-05T15:55
877,FALSE,0,TRUE,0,17,TRUE,9.4,complete,2019-12-05T15:56
878,FALSE,0,TRUE,0,8,TRUE,9.2,incomplete,2019-12-05T15:57
879,FALSE,0,TRUE,0,22,TRUE,9.4,complete,2019-12-05T15:58
880,TRUE,293,TRUE,0,19,TRUE,9.2,complete,2019-12-05T15:59
881,FALSE,0,TRUE,0,13,TRUE,9.4,complete,2019-12-05T16:00
882,FALSE,0,TRUE,0,19,TRUE,9.8,complete,2019-12-05T16:01
883,TRUE,0,TRUE,0,19,TRUE,10.6,complete,2019-12-05T16:02
884,TRUE,264,TRUE,0,23,TRUE,9.4,complete,2019-12-05T16:03
885,FALSE,733,TRUE,0,18,TRUE,10.4,complete,2019-12-05T16:04
886,TRUE,0,TRUE,0,21,TRUE,9.4,complete,2019-12-05T16:05
887,FALSE,0,TRUE,0,16,TRUE,10,complete,2019-12-05T16:06
888,FALSE,0,TRUE,0,24,TRUE,9.4,complete,2019-12-05T16:07
889,FALSE,451,TRUE,0,17,TRUE,9.8,complete,2019-12-05T16:08
890,FALSE,243,TRUE,0,17,TRUE,9.4,incomplete,2019-12-05T16:09
891,FALSE,0,TRUE,0,18,TRUE,10.6,incomplete,2019-12-05T16:10
892,FALSE,0,TRUE,0,11,TRUE,9.6,incomplete,2019-12-05T16:11
893,FALSE,504,TRUE,0,24,TRUE,10.2,complete,2019-12-05T16:12
894,TRUE,261,TRUE,0,15,TRUE,10,complete,2019-12-05T16:13
895,FALSE,0,TRUE,0,19,TRUE,9.2,complete,2019-12-05T16:14
896,TRUE,245,TRUE,0,18,TRUE,9.6,complete,2019-12-05T16:15
897,FALSE,490,TRUE,0,21,TRUE,9.6,complete,2019-12-05T16:16
898,FALSE,0,TRUE,0,16,TRUE,9.6,incomplete,2019-12-05T16:17
899,FALSE,0,TRUE,0,12,TRUE,10,incomplete,2019-12-05T16:18
900,FALSE,0,TRUE,0,4,TRUE,9.4,complete,2019-12-05T16:19
901,FALSE,732,TRUE,0,20,TRUE,9.4,incomplete,2019-12-05T16:20
902,FALSE,0,TRUE,0,21,TRUE,10.6,complete,2019-12-05T16:21
903,FALSE,0,TRUE,0,18,TRUE,9.4,incomplete,2019-12-05T16:22
904,FALSE,130,TRUE,0,15,TRUE,10.2,incomplete,2019-12-05T16:23
905,FALSE,0,TRUE,0,11,TRUE,9.6,complete,2019-12-05T16:24
906,FALSE,0,TRUE,0,19,TRUE,9.4,complete,2019-12-05T16:25
907,FALSE,65,TRUE,0,68,TRUE,9.2,complete,2019-12-05T16:29
908,FALSE,0,TRUE,0,12,TRUE,9.6,incomplete,2019-12-05T16:30
909,TRUE,238,TRUE,0,24,TRUE,9.6,incomplete,2019-12-05T16:31
910,TRUE,170,TRUE,0,18,TRUE,9.4,complete,2019-12-05T16:32
911,FALSE,0,TRUE,0,19,TRUE,9.6,complete,2019-12-05T16:33
912,TRUE,0,TRUE,0,16,TRUE,9.6,complete,2019-12-05T16:34
913,FALSE,0,TRUE,0,13,TRUE,10.2,incomplete,2019-12-05T16:35
914,FALSE,0,TRUE,0,5,TRUE,9.4,complete,2019-12-05T16:36
915,FALSE,0,TRUE,0,21,TRUE,9.4,complete,2019-12-05T16:37
916,TRUE,0,TRUE,0,22,TRUE,9.4,complete,2019-12-05T16:38
917,FALSE,330,TRUE,0,25,TRUE,9.8,complete,2019-12-05T16:39
918,FALSE,547,TRUE,0,19,TRUE,10.4,complete,2019-12-05T16:40
919,FALSE,0,TRUE,0,11,TRUE,10.8,incomplete,2019-12-05T16:41
920,FALSE,0,TRUE,0,16,TRUE,10.2,complete,2019-12-05T16:42
921,FALSE,270,TRUE,0,19,TRUE,10.6,incomplete,2019-12-05T16:43
922,FALSE,0,TRUE,0,15,TRUE,10.2,complete,2019-12-05T16:44
923,TRUE,227,TRUE,0,18,TRUE,10.2,complete,2019-12-05T16:45
924,FALSE,233,TRUE,0,22,TRUE,9.4,complete,2019-12-05T16:46
925,FALSE,269,TRUE,0,20,TRUE,9.2,complete,2019-12-05T16:47
926,FALSE,260,TRUE,0,17,TRUE,9.6,complete,2019-12-05T16:48
927,FALSE,516,TRUE,0,23,TRUE,10.4,complete,2019-12-05T16:49
928,FALSE,187,TRUE,0,16,TRUE,9.6,complete,2019-12-05T16:50
929,TRUE,0,TRUE,0,21,TRUE,9.8,incomplete,2019-12-05T16:51
930,FALSE,255,TRUE,0,11,TRUE,9.8,complete,2019-12-05T16:52
931,FALSE,483,TRUE,0,27,TRUE,9.4,incomplete,2019-12-05T16:53
932,FALSE,0,TRUE,0,13,TRUE,10.2,incomplete,2019-12-05T16:54
933,TRUE,0,TRUE,0,14,TRUE,9.4,complete,2019-12-05T16:55
934,FALSE,42,TRUE,0,21,TRUE,9.8,incomplete,2019-12-05T16:56
935,TRUE,0,TRUE,0,19,TRUE,9.4,complete,2019-12-05T16:57
936,FALSE,242,TRUE,0,24,TRUE,10.2,incomplete,2019-12-05T16:58
937,FALSE,498,TRUE,0,13,TRUE,9.6,incomplete,2019-12-05T16:59
938,FALSE,0,TRUE,0,14,TRUE,10,complete,2019-12-05T17:00
939,FALSE,0,TRUE,0,12,TRUE,9.4,incomplete,2019-12-05T17:01
940,FALSE,2546,TRUE,0,111,TRUE,9.8,complete,2019-12-05T17:02
941,FALSE,2671,TRUE,0,160,TRUE,10.8,incomplete,2019-12-05T17:03
942,FALSE,982,TRUE,0,25,TRUE,10,incomplete,2019-12-05T17:04
943,TRUE,3559,TRUE,0,756,TRUE,9.2,complete,2019-12-05T17:05
944,TRUE,4522,TRUE,0,1309,TRUE,11,incomplete,2019-12-05T17:06
945,FALSE,1059,TRUE,0,14,TRUE,10.2,incomplete,2019-12-05T17:07
946,FALSE,514,TRUE,0,13,TRUE,10.8,complete,2019-12-05T17:08
947,TRUE,0,TRUE,0,30,TRUE,9.6,complete,2019-12-05T17:09
948,FALSE,0,TRUE,0,17,TRUE,10.6,complete,2019-12-05T17:10
949,FALSE,489,TRUE,0,19,TRUE,10.4,incomplete,2019-12-05T17:11
950,FALSE,468,TRUE,0,25,TRUE,11.2,incomplete,2019-12-05T17:12
951,FALSE,0,TRUE,0,15,TRUE,9.4,incomplete,2019-12-05T17:13
952,TRUE,2556,TRUE,0,28,TRUE,10.2,complete,2019-12-05T17:14
953,FALSE,2075,TRUE,0,222,TRUE,9.6,complete,2019-12-05T17:15
954,TRUE,1960,TRUE,0,26,TRUE,9.4,complete,2019-12-05T17:16
955,TRUE,2880,TRUE,0,215,TRUE,9.6,complete,2019-12-05T17:17
956,FALSE,3334,TRUE,0,531,TRUE,11,incomplete,2019-12-05T17:18
957,FALSE,456,TRUE,0,21,TRUE,9.4,complete,2019-12-05T17:19
958,TRUE,920,TRUE,0,25,TRUE,10,complete,2019-12-05T17:20
959,FALSE,1944,TRUE,0,399,TRUE,9.2,incomplete,2019-12-05T17:21
960,FALSE,783,TRUE,0,21,TRUE,9.8,complete,2019-12-05T17:22
961,FALSE,0,TRUE,0,9,TRUE,10,complete,2019-12-05T17:23
962,FALSE,0,TRUE,0,26,TRUE,10.2,incomplete,2019-12-05T17:24
963,TRUE,2165,TRUE,0,150,TRUE,9.6,complete,2019-12-05T17:25
964,TRUE,9535,TRUE,0,2325,TRUE,10,complete,2019-12-05T17:29
965,TRUE,3552,TRUE,0,35,TRUE,9.4,complete,2019-12-05T17:30
966,TRUE,2684,TRUE,0,30,TRUE,9.6,complete,2019-12-05T17:31
967,TRUE,4877,TRUE,0,1492,TRUE,10.4,complete,2019-12-05T17:32
968,TRUE,4072,TRUE,0,1080,TRUE,10.2,complete,2019-12-05T17:33
969,TRUE,3974,TRUE,0,448,TRUE,11.2,complete,2019-12-05T17:34
970,FALSE,3590,TRUE,0,475,TRUE,9.6,complete,2019-12-05T17:35
971,TRUE,2799,TRUE,0,41,TRUE,10.6,complete,2019-12-05T17:36
972,TRUE,5415,TRUE,0,1131,TRUE,9.8,complete,2019-12-05T17:37
973,TRUE,4492,TRUE,0,846,TRUE,10.2,complete,2019-12-05T17:38
974,TRUE,5091,TRUE,0,779,TRUE,9.4,complete,2019-12-05T17:39
975,TRUE,3685,TRUE,0,214,TRUE,10,complete,2019-12-05T17:40
976,FALSE,3053,TRUE,0,36,TRUE,10.6,complete,2019-12-05T17:41
977,TRUE,5105,TRUE,0,918,TRUE,10.6,complete,2019-12-05T17:42
978,TRUE,3860,TRUE,0,737,TRUE,9.6,complete,2019-12-05T17:43
979,TRUE,5074,TRUE,0,1520,TRUE,9.4,complete,2019-12-05T17:44
980,FALSE,5397,TRUE,0,1974,TRUE,10.6,complete,2019-12-05T17:45
981,TRUE,4743,TRUE,0,350,TRUE,9.6,complete,2019-12-05T17:46
982,TRUE,4126,TRUE,0,276,TRUE,11.2,complete,2019-12-05T17:47
983,TRUE,5337,TRUE,0,718,TRUE,9.6,complete,2019-12-05T17:48
984,TRUE,5131,TRUE,0,661,TRUE,9.6,complete,2019-12-05T17:49
985,TRUE,4959,TRUE,0,402,TRUE,10,complete,2019-12-05T17:50
986,TRUE,5165,TRUE,0,844,TRUE,10.4,complete,2019-12-05T17:51
987,TRUE,5248,TRUE,0,1123,TRUE,9.4,complete,2019-12-05T17:52
988,FALSE,5270,TRUE,0,1302,TRUE,10.2,complete,2019-12-05T17:53
989,TRUE,4615,TRUE,0,361,TRUE,10.6,complete,2019-12-05T17:54
990,FALSE,3921,TRUE,0,160,TRUE,11.4,complete,2019-12-05T17:55
991,FALSE,3556,TRUE,0,30,TRUE,9.4,complete,2019-12-05T17:56
992,FALSE,4555,TRUE,0,631,TRUE,9.8,complete,2019-12-05T17:57
993,FALSE,5042,TRUE,0,607,TRUE,9.6,complete,2019-12-05T17:58
994,TRUE,4492,TRUE,0,155,TRUE,9.4,complete,2019-12-05T17:59
995,TRUE,4755,TRUE,0,866,TRUE,10.4,complete,2019-12-05T18:00
996,TRUE,5257,TRUE,0,1715,TRUE,10.2,complete,2019-12-05T18:01
997,TRUE,4289,TRUE,0,719,TRUE,9.2,complete,2019-12-05T18:02
998,TRUE,4403,TRUE,0,953,TRUE,9.4,complete,2019-12-05T18:03
999,TRUE,5156,TRUE,0,935,TRUE,10.8,complete,2019-12-05T18:04
1000,TRUE,3821,TRUE,0,32,TRUE,9.6,complete,2019-12-05T18:05
1001,TRUE,5526,TRUE,0,2171,TRUE,10.6,complete,2019-12-05T18:06
1002,TRUE,5118,TRUE,0,795,TRUE,9.6,complete,2019-12-05T18:07
1003,TRUE,3635,TRUE,0,29,TRUE,9.2,complete,2019-12-05T18:08
1004,TRUE,4540,TRUE,0,34,TRUE,9.6,complete,2019-12-05T18:09
1005,TRUE,4632,TRUE,0,806,TRUE,10.4,complete,2019-12-05T18:10
1006,FALSE,4310,TRUE,0,510,TRUE,11.2,incomplete,2019-12-05T18:11
1007,TRUE,4275,TRUE,0,31,TRUE,9.2,complete,2019-12-05T18:12
1008,TRUE,3995,TRUE,0,421,TRUE,10.4,complete,2019-12-05T18:13
1009,FALSE,610,TRUE,0,168,TRUE,10.4,complete,2019-12-05T18:14
1010,FALSE,0,TRUE,0,0,TRUE,9.4,complete,2019-12-05T18:15
1011,FALSE,0,TRUE,0,0,TRUE,10,complete,2019-12-05T18:16
1012,FALSE,0,TRUE,0,0,TRUE,11,complete,2019-12-05T18:17
1013,FALSE,0,TRUE,0,0,TRUE,9.4,complete,2019-12-05T18:18
1014,FALSE,0,TRUE,0,0,TRUE,10.8,complete,2019-12-05T18:19
1015,FALSE,0,TRUE,0,0,TRUE,10.2,complete,2019-12-05T18:20
1016,FALSE,0,TRUE,0,0,TRUE,9.6,complete,2019-12-05T18:21
1017,FALSE,0,TRUE,0,0,TRUE,9.4,complete,2019-12-05T18:22
1018,FALSE,0,TRUE,0,0,TRUE,9.8,complete,2019-12-05T18:23
1019,FALSE,0,TRUE,0,0,TRUE,11,complete,2019-12-05T18:24
1020,FALSE,0,TRUE,0,0,TRUE,10,complete,2019-12-05T18:25
1021,FALSE,0,TRUE,0,0,TRUE,10,complete,2019-12-05T18:29
1022,FALSE,0,TRUE,0,0,TRUE,9.4,complete,2019-12-05T18:30
1023,FALSE,0,TRUE,0,0,TRUE,10.2,complete,2019-12-05T18:31
1024,FALSE,0,TRUE,0,0,TRUE,9.4,complete,2019-12-05T18:32
1025,FALSE,0,TRUE,0,0,TRUE,10.6,complete,2019-12-05T18:33
1026,FALSE,0,TRUE,0,0,TRUE,9.6,complete,2019-12-05T18:34
1027,FALSE,0,TRUE,0,0,TRUE,10,complete,2019-12-05T18:35
1028,FALSE,0,TRUE,0,0,TRUE,9.2,complete,2019-12-05T18:36
1029,FALSE,0,TRUE,0,0,TRUE,9.8,complete,2019-12-05T18:37
1030,FALSE,0,TRUE,0,0,TRUE,9.6,complete,2019-12-05T18:38
1031,FALSE,0,TRUE,0,0,TRUE,9.2,complete,2019-12-05T18:39
1032,FALSE,0,TRUE,0,0,TRUE,11.2,complete,2019-12-05T18:40
1033,FALSE,0,TRUE,0,0,TRUE,9.6,complete,2019-12-05T18:41
1034,FALSE,0,TRUE,0,0,TRUE,9.6,complete,2019-12-05T18:42
1035,FALSE,0,TRUE,0,0,TRUE,9.4,complete,2019-12-05T18:43
1036,FALSE,0,TRUE,0,0,TRUE,10.2,complete,2019-12-05T18:44
1037,FALSE,0,TRUE,0,0,TRUE,10.8,complete,2019-12-05T18:45
1038,FALSE,0,TRUE,0,0,TRUE,9.6,complete,2019-12-05T18:46
1039,FALSE,0,TRUE,0,0,TRUE,9.4,complete,2019-12-05T18:47
1040,FALSE,0,TRUE,0,0,TRUE,10.4,complete,2019-12-05T18:48
1041,FALSE,0,TRUE,0,0,TRUE,9.4,complete,2019-12-05T18:49
1042,FALSE,0,TRUE,0,0,TRUE,10.4,complete,2019-12-05T18:50
1043,FALSE,0,TRUE,0,0,TRUE,9.2,complete,2019-12-05T18:51
1044,FALSE,0,TRUE,0,0,TRUE,9.6,complete,2019-12-05T18:52
1045,FALSE,0,TRUE,0,0,TRUE,9.4,complete,2019-12-05T18:53
1046,FALSE,0,TRUE,0,0,TRUE,9.2,complete,2019-12-05T18:54
1047,FALSE,0,TRUE,0,0,TRUE,10.2,complete,2019-12-05T18:55
1048,FALSE,0,TRUE,0,0,TRUE,9.6,complete,2019-12-05T18:56
1049,FALSE,0,TRUE,0,0,TRUE,10.6,complete,2019-12-05T18:57
1050,FALSE,0,TRUE,0,0,TRUE,9.4,complete,2019-12-05T18:58
1051,FALSE,0,TRUE,0,0,TRUE,9.6,complete,2019-12-05T18:59
1052,FALSE,0,TRUE,0,0,TRUE,10,complete,2019-12-05T19:00
1053,FALSE,0,TRUE,0,0,TRUE,9.8,complete,2019-12-05T19:01
1054,FALSE,0,TRUE,0,0,TRUE,11.2,complete,2019-12-05T19:02
1055,FALSE,0,TRUE,0,0,TRUE,9.2,complete,2019-12-05T19:03
1056,FALSE,0,TRUE,0,0,TRUE,10,complete,2019-12-05T19:04
1057,FALSE,0,TRUE,0,0,TRUE,9.6,complete,2019-12-05T19:05
1058,FALSE,0,TRUE,0,0,TRUE,10.2,complete,2019-12-05T19:06
1059,FALSE,0,TRUE,0,0,TRUE,9.4,complete,2019-12-05T19:07
1060,FALSE,0,TRUE,0,0,TRUE,9.4,complete,2019-12-05T19:08
1061,FALSE,0,TRUE,0,0,TRUE,10.2,complete,2019-12-05T19:09
1062,FALSE,0,TRUE,0,0,TRUE,9.4,complete,2019-12-05T19:10
1063,FALSE,0,TRUE,0,0,TRUE,10.6,complete,2019-12-05T19:11
1064,FALSE,0,TRUE,0,0,TRUE,9.4,complete,2019-12-05T19:12
1065,FALSE,0,TRUE,0,0,TRUE,11,complete,2019-12-05T19:13
1066,FALSE,0,TRUE,0,0,TRUE,9.4,complete,2019-12-05T19:14
1067,FALSE,0,TRUE,0,0,TRUE,9.6,complete,2019-12-05T19:15
1068,FALSE,0,TRUE,0,0,TRUE,9.4,complete,2019-12-05T19:16
1069,FALSE,0,TRUE,0,0,TRUE,9.4,complete,2019-12-05T19:17
1070,FALSE,0,TRUE,0,0,TRUE,10.2,complete,2019-12-05T19:18
1071,FALSE,0,TRUE,0,0,TRUE,9.6,complete,2019-12-05T19:19
1072,FALSE,0,TRUE,0,0,TRUE,10.6,complete,2019-12-05T19:20
1073,FALSE,0,TRUE,0,0,TRUE,9.4,complete,2019-12-05T19:21
1074,FALSE,0,TRUE,0,0,TRUE,9.8,complete,2019-12-05T19:22
1075,FALSE,0,TRUE,0,0,TRUE,9.4,complete,2019-12-05T19:23
1076,FALSE,0,TRUE,0,0,TRUE,10.4,complete,2019-12-05T19:24
1077,FALSE,0,TRUE,0,0,TRUE,10.4,complete,2019-12-05T19:25
1078,FALSE,0,TRUE,0,0,TRUE,9.4,complete,2019-12-05T19:29
1079,FALSE,0,TRUE,0,0,TRUE,11.2,complete,2019-12-05T19:30
1080,FALSE,0,TRUE,0,0,TRUE,9.4,complete,2019-12-05T19:31
1081,FALSE,0,TRUE,0,0,TRUE,10.2,complete,2019-12-05T19:32
1082,FALSE,0,TRUE,0,0,TRUE,9.4,complete,2019-12-05T19:33
1083,FALSE,0,TRUE,0,0,TRUE,9.4,complete,2019-12-05T19:34
1084,FALSE,0,TRUE,0,0,TRUE,10.4,complete,2019-12-05T19:35
1085,FALSE,0,TRUE,0,0,TRUE,9.4,complete,2019-12-05T19:36
1086,FALSE,0,TRUE,0,0,TRUE,9.4,complete,2019-12-05T19:37
1087,FALSE,0,TRUE,0,0,TRUE,9.6,complete,2019-12-05T19:38
1088,FALSE,0,TRUE,0,0,TRUE,9.4,complete,2019-12-05T19:39
1089,FALSE,0,TRUE,0,0,TRUE,11.4,complete,2019-12-05T19:40
1090,FALSE,0,TRUE,0,0,TRUE,9.4,complete,2019-12-05T19:41
1091,FALSE,0,TRUE,0,0,TRUE,10.6,complete,2019-12-05T19:42
1092,FALSE,0,TRUE,0,0,TRUE,9.6,complete,2019-12-05T19:43
1093,FALSE,0,TRUE,0,0,TRUE,9.6,complete,2019-12-05T19:44
1094,FALSE,0,TRUE,0,0,TRUE,10.4,complete,2019-12-05T19:45
1095,FALSE,0,TRUE,0,0,TRUE,9.6,complete,2019-12-05T19:46
1096,FALSE,0,TRUE,0,0,TRUE,10.8,complete,2019-12-05T19:47
1097,FALSE,0,TRUE,0,0,TRUE,9.6,complete,2019-12-05T19:48
1098,FALSE,0,TRUE,0,0,TRUE,10.2,complete,2019-12-05T19:49
1099,FALSE,0,TRUE,0,0,TRUE,9.6,complete,2019-12-05T19:50
1100,FALSE,0,TRUE,0,0,TRUE,11,complete,2019-12-05T19:52
1101,FALSE,0,TRUE,0,0,TRUE,9.6,complete,2019-12-05T19:53
1102,FALSE,0,TRUE,0,0,TRUE,10.6,complete,2019-12-05T19:54
1103,FALSE,0,TRUE,0,0,TRUE,10,complete,2019-12-05T19:55
1104,FALSE,0,TRUE,0,0,TRUE,11,complete,2019-12-05T19:56
1105,FALSE,0,TRUE,0,0,TRUE,10,complete,2019-12-05T19:57
1106,FALSE,0,TRUE,0,0,TRUE,10.2,complete,2019-12-05T19:58
1107,FALSE,0,TRUE,0,0,TRUE,10.4,complete,2019-12-05T19:59
1108,FALSE,0,TRUE,0,0,TRUE,10,complete,2019-12-05T20:00
1109,FALSE,0,TRUE,0,0,TRUE,10.6,complete,2019-12-05T20:01
1110,FALSE,0,TRUE,0,0,TRUE,9.6,complete,2019-12-05T20:02
1111,FALSE,0,TRUE,0,0,TRUE,10.4,complete,2019-12-05T20:03
1112,FALSE,0,TRUE,0,0,TRUE,9.4,complete,2019-12-05T20:04
1113,FALSE,0,TRUE,0,0,TRUE,9.8,complete,2019-12-05T20:05
1114,FALSE,0,TRUE,0,0,TRUE,10,complete,2019-12-05T20:06
1115,FALSE,0,TRUE,0,0,TRUE,9.4,complete,2019-12-05T20:07
1116,FALSE,0,TRUE,0,0,TRUE,10.8,complete,2019-12-05T20:08
1117,FALSE,0,TRUE,0,0,TRUE,9.4,complete,2019-12-05T20:09
1118,FALSE,0,TRUE,0,0,TRUE,11.2,complete,2019-12-05T20:10
1119,FALSE,0,TRUE,0,0,TRUE,9.2,complete,2019-12-05T20:11
1120,FALSE,0,TRUE,0,0,TRUE,9.2,complete,2019-12-05T20:12
1121,FALSE,0,TRUE,0,0,TRUE,10.6,complete,2019-12-05T20:13
1122,FALSE,0,TRUE,0,0,TRUE,10.4,complete,2019-12-05T20:14
1123,FALSE,0,TRUE,0,0,TRUE,10.8,complete,2019-12-05T20:15
1124,FALSE,0,TRUE,0,0,TRUE,9.4,complete,2019-12-05T20:16
1125,FALSE,0,TRUE,0,0,TRUE,9.6,complete,2019-12-05T20:17
1126,FALSE,0,TRUE,0,0,TRUE,9.2,complete,2019-12-05T20:18
1127,FALSE,0,TRUE,0,0,TRUE,9.6,complete,2019-12-05T20:19
1128,FALSE,0,TRUE,0,0,TRUE,10.8,complete,2019-12-05T20:20
1129,FALSE,0,TRUE,0,0,TRUE,9.8,complete,2019-12-05T20:21
1130,FALSE,0,TRUE,0,0,TRUE,9.4,complete,2019-12-05T20:22
1131,FALSE,0,TRUE,0,0,TRUE,10.2,complete,2019-12-05T20:23
1132,FALSE,0,TRUE,0,0,TRUE,9.2,complete,2019-12-05T20:24
1133,FALSE,0,TRUE,0,0,TRUE,10.6,complete,2019-12-05T20:25
1134,FALSE,0,TRUE,0,0,TRUE,9.6,complete,2019-12-05T20:29
1135,FALSE,0,TRUE,0,0,TRUE,10.2,complete,2019-12-05T20:30
1136,FALSE,0,TRUE,0,0,TRUE,9.6,complete,2019-12-05T20:31
1137,FALSE,0,TRUE,0,0,TRUE,10,complete,2019-12-05T20:32
1138,FALSE,0,TRUE,0,0,TRUE,10.4,complete,2019-12-05T20:33
1139,FALSE,0,TRUE,0,0,TRUE,9.6,complete,2019-12-05T20:34
1140,FALSE,0,TRUE,0,0,TRUE,10.6,complete,2019-12-05T20:35
1141,FALSE,0,TRUE,0,0,TRUE,9.8,complete,2019-12-05T20:36
1142,FALSE,0,TRUE,0,0,TRUE,9.6,complete,2019-12-05T20:37
1143,FALSE,0,TRUE,0,0,TRUE,10.6,complete,2019-12-05T20:38
1144,FALSE,0,TRUE,0,0,TRUE,9.2,complete,2019-12-05T20:39
1145,FALSE,0,TRUE,0,0,TRUE,9.6,complete,2019-12-05T20:40
1146,FALSE,0,TRUE,0,0,TRUE,9.4,complete,2019-12-05T20:41
1147,FALSE,0,TRUE,0,0,TRUE,9.4,complete,2019-12-05T20:42
1148,FALSE,0,TRUE,0,0,TRUE,11.2,complete,2019-12-05T20:43
1149,FALSE,0,TRUE,0,0,TRUE,9.6,complete,2019-12-05T20:44
1150,FALSE,0,TRUE,0,0,TRUE,11,complete,2019-12-05T20:45
1151,FALSE,0,TRUE,0,0,TRUE,9.4,complete,2019-12-05T20:46
1152,FALSE,0,TRUE,0,0,TRUE,9.4,complete,2019-12-05T20:47
1153,FALSE,0,TRUE,0,0,TRUE,11,complete,2019-12-05T20:48
1154,FALSE,0,TRUE,0,0,TRUE,9.4,complete,2019-12-05T20:49
1155,FALSE,0,TRUE,0,0,TRUE,10.8,complete,2019-12-05T20:50
1156,FALSE,0,TRUE,0,0,TRUE,9.4,complete,2019-12-05T20:51
1157,FALSE,0,TRUE,0,0,TRUE,9.4,complete,2019-12-05T20:52
1158,FALSE,0,TRUE,0,0,TRUE,9.6,complete,2019-12-05T20:53
1159,FALSE,0,TRUE,0,0,TRUE,9.4,complete,2019-12-05T20:54
1160,FALSE,0,TRUE,0,0,TRUE,10.8,complete,2019-12-05T20:55
1161,FALSE,0,TRUE,0,0,TRUE,9.8,complete,2019-12-05T20:56
1162,FALSE,0,TRUE,0,0,TRUE,10.6,complete,2019-12-05T20:57
1163,FALSE,0,TRUE,0,0,TRUE,9.2,complete,2019-12-05T20:58
1164,FALSE,0,TRUE,0,0,TRUE,9.8,complete,2019-12-05T20:59
1165,FALSE,0,TRUE,0,0,TRUE,9.4,complete,2019-12-05T21:00
1166,FALSE,0,TRUE,0,0,TRUE,9.8,complete,2019-12-05T21:01
1167,FALSE,0,TRUE,0,0,TRUE,11.6,complete,2019-12-05T21:02
1168,FALSE,0,TRUE,0,0,TRUE,9.6,complete,2019-12-05T21:03
1169,FALSE,0,TRUE,0,0,TRUE,9.6,complete,2019-12-05T21:04
1170,FALSE,0,TRUE,0,0,TRUE,10.6,complete,2019-12-05T21:05
1171,FALSE,0,TRUE,0,0,TRUE,9.4,complete,2019-12-05T21:06
1172,FALSE,0,TRUE,0,0,TRUE,11.4,complete,2019-12-05T21:07
1173,FALSE,0,TRUE,0,0,TRUE,9.6,complete,2019-12-05T21:08
1174,FALSE,0,TRUE,0,0,TRUE,10,complete,2019-12-05T21:09
1175,FALSE,0,TRUE,0,0,TRUE,9.4,complete,2019-12-05T21:10
1176,TRUE,202,TRUE,0,2,TRUE,9.2,incomplete,2019-12-05T21:11
1177,FALSE,0,TRUE,0,7,TRUE,9.6,complete,2019-12-05T21:12
1178,TRUE,0,TRUE,0,21,TRUE,9.6,complete,2019-12-05T21:13
1179,FALSE,0,TRUE,0,16,TRUE,9.6,complete,2019-12-05T21:14
1180,FALSE,0,TRUE,0,16,TRUE,10.8,incomplete,2019-12-05T21:15
1181,TRUE,0,TRUE,0,16,TRUE,10.8,incomplete,2019-12-05T21:16
1182,FALSE,0,TRUE,0,6,TRUE,10.6,complete,2019-12-05T21:17
1183,FALSE,1,TRUE,0,26,TRUE,10.6,complete,2019-12-05T21:18
1184,FALSE,0,TRUE,0,18,TRUE,10.4,complete,2019-12-05T21:19
1185,FALSE,0,TRUE,0,7,TRUE,9.4,incomplete,2019-12-05T21:20
1186,FALSE,0,TRUE,0,18,TRUE,10.6,complete,2019-12-05T21:21
1187,FALSE,0,TRUE,0,16,TRUE,9.6,incomplete,2019-12-05T21:22
1188,TRUE,0,TRUE,0,15,TRUE,10.6,incomplete,2019-12-05T21:23
1189,FALSE,0,TRUE,0,10,TRUE,10.4,incomplete,2019-12-05T21:24
1190,FALSE,0,TRUE,0,26,TRUE,10,complete,2019-12-05T21:25
1191,FALSE,0,TRUE,0,17,TRUE,9.8,incomplete,2019-12-05T21:26
1192,FALSE,0,TRUE,0,60,TRUE,9.4,incomplete,2019-12-05T21:30
1193,FALSE,0,TRUE,0,23,TRUE,10.8,incomplete,2019-12-05T21:31
1194,FALSE,1,TRUE,0,7,TRUE,9.4,complete,2019-12-05T21:32
1195,FALSE,0,TRUE,0,13,TRUE,9.4,incomplete,2019-12-05T21:33
1196,FALSE,0,TRUE,0,2,TRUE,11,complete,2019-12-05T21:34
1197,FALSE,0,TRUE,0,22,TRUE,9.8,complete,2019-12-05T21:35
1198,FALSE,1,TRUE,0,18,TRUE,10.8,complete,2019-12-05T21:36
1199,FALSE,250,TRUE,0,25,TRUE,9.6,complete,2019-12-05T21:37
1200,FALSE,0,TRUE,0,9,TRUE,10.2,incomplete,2019-12-05T21:38
1201,FALSE,1,TRUE,0,19,TRUE,9.6,complete,2019-12-05T21:39
1202,FALSE,255,TRUE,0,11,TRUE,9.8,incomplete,2019-12-05T21:40
1203,FALSE,242,TRUE,0,16,TRUE,9.4,complete,2019-12-05T21:41
1204,TRUE,18,TRUE,0,16,TRUE,10.6,complete,2019-12-05T21:42
1205,FALSE,327,TRUE,0,11,TRUE,9.4,incomplete,2019-12-05T21:43
1206,FALSE,0,TRUE,0,18,TRUE,9.6,complete,2019-12-05T21:44
1207,FALSE,294,TRUE,0,17,TRUE,10,incomplete,2019-12-05T21:45
1208,FALSE,245,TRUE,0,14,TRUE,9.4,incomplete,2019-12-05T21:46
1209,FALSE,0,TRUE,0,18,TRUE,9.4,complete,2019-12-05T21:47
1210,TRUE,0,TRUE,0,17,TRUE,10.6,complete,2019-12-05T21:48
1211,TRUE,0,TRUE,0,15,TRUE,10.8,incomplete,2019-12-05T21:49
1212,FALSE,0,TRUE,0,13,TRUE,9.8,complete,2019-12-05T21:50
1213,FALSE,1,TRUE,0,16,TRUE,10.8,incomplete,2019-12-05T21:51
1214,TRUE,281,TRUE,0,28,TRUE,10.6,complete,2019-12-05T21:52
1215,FALSE,266,TRUE,0,9,TRUE,9.6,complete,2019-12-05T21:53
1216,TRUE,246,TRUE,0,27,TRUE,10.6,incomplete,2019-12-05T21:54
1217,FALSE,0,TRUE,0,9,TRUE,10.6,incomplete,2019-12-05T21:55
1218,FALSE,242,TRUE,0,25,TRUE,9.4,complete,2019-12-05T21:56
1219,FALSE,0,TRUE,0,20,TRUE,9.6,incomplete,2019-12-05T21:57
1220,FALSE,0,TRUE,0,6,TRUE,10.6,complete,2019-12-05T21:58
1221,FALSE,0,TRUE,0,12,TRUE,11,complete,2019-12-05T21:59
1222,FALSE,0,TRUE,0,13,TRUE,9.8,complete,2019-12-05T22:00
1223,FALSE,0,TRUE,0,15,TRUE,9.4,incomplete,2019-12-05T22:01
1224,FALSE,0,TRUE,0,13,TRUE,10.2,complete,2019-12-05T22:02
1225,FALSE,0,TRUE,0,12,TRUE,10,complete,2019-12-05T22:03
1226,FALSE,236,TRUE,0,18,TRUE,10.4,complete,2019-12-05T22:04
1227,FALSE,0,TRUE,0,20,TRUE,9.6,complete,2019-12-05T22:05
1228,TRUE,461,TRUE,0,19,TRUE,9.4,complete,2019-12-05T22:06
1229,TRUE,2738,TRUE,0,506,TRUE,9.4,incomplete,2019-12-05T22:07
1230,TRUE,0,TRUE,0,13,TRUE,9.8,complete,2019-12-05T22:08
1231,TRUE,1,TRUE,0,22,TRUE,9.4,complete,2019-12-05T22:09
1232,TRUE,0,TRUE,0,25,TRUE,10.6,complete,2019-12-05T22:10
1233,FALSE,2238,TRUE,0,407,TRUE,9.4,complete,2019-12-05T22:11
1234,FALSE,0,TRUE,0,8,TRUE,10.6,complete,2019-12-05T22:12
1235,FALSE,0,TRUE,0,9,TRUE,9.4,incomplete,2019-12-05T22:13
1236,FALSE,0,TRUE,0,21,TRUE,9.4,complete,2019-12-05T22:14
1237,FALSE,0,TRUE,0,17,TRUE,9.6,complete,2019-12-05T22:15
1238,FALSE,1287,TRUE,0,22,TRUE,9.4,complete,2019-12-05T22:16
1239,TRUE,0,TRUE,0,24,TRUE,10.6,complete,2019-12-05T22:17
1240,FALSE,3215,TRUE,0,515,TRUE,9.6,incomplete,2019-12-05T22:18
1241,TRUE,2309,TRUE,0,172,TRUE,9.4,complete,2019-12-05T22:19
1242,FALSE,3452,TRUE,0,2854,TRUE,10.6,complete,2019-12-05T22:20
1243,TRUE,504,TRUE,0,29,TRUE,10.8,complete,2019-12-05T22:21
1244,TRUE,3370,TRUE,0,1565,TRUE,9.8,complete,2019-12-05T22:22
1245,TRUE,439,TRUE,0,21,TRUE,11.4,complete,2019-12-05T22:23
1246,FALSE,3069,TRUE,0,790,TRUE,10.4,complete,2019-12-05T22:24
1247,FALSE,739,TRUE,0,16,TRUE,10.6,incomplete,2019-12-05T22:25
1248,TRUE,838,TRUE,0,16,TRUE,9.2,complete,2019-12-05T22:26
1249,TRUE,4628,TRUE,0,1643,TRUE,10.8,complete,2019-12-05T22:27
1250,FALSE,8208,TRUE,0,4539,TRUE,9.4,complete,2019-12-05T22:31
1251,TRUE,1084,TRUE,0,22,TRUE,9.6,complete,2019-12-05T22:32
1252,TRUE,1625,TRUE,0,18,TRUE,9.6,complete,2019-12-05T22:33
1253,TRUE,2394,TRUE,0,25,TRUE,9.6,complete,2019-12-05T22:34
1254,FALSE,0,TRUE,0,18,TRUE,11,complete,2019-12-05T22:35
1255,TRUE,1022,TRUE,0,17,TRUE,10.8,complete,2019-12-05T22:36
1256,FALSE,2738,TRUE,0,1097,TRUE,9.6,complete,2019-12-05T22:37
1257,FALSE,1698,TRUE,0,311,TRUE,9.8,incomplete,2019-12-05T22:38
1258,FALSE,2643,TRUE,0,1129,TRUE,9.6,incomplete,2019-12-05T22:39
1259,TRUE,4598,TRUE,0,1704,TRUE,9.4,complete,2019-12-05T22:40
1260,TRUE,2807,TRUE,0,29,TRUE,9.8,complete,2019-12-05T22:41
1261,FALSE,4111,TRUE,0,2507,TRUE,9.6,complete,2019-12-05T22:42
1262,TRUE,3175,TRUE,0,707,TRUE,9.4,complete,2019-12-05T22:43
1263,TRUE,4469,TRUE,0,1423,TRUE,9.4,complete,2019-12-05T22:44
1264,TRUE,2302,TRUE,0,40,TRUE,10.8,complete,2019-12-05T22:45
1265,TRUE,1067,TRUE,0,198,TRUE,9.8,complete,2019-12-05T22:46
1266,FALSE,3317,TRUE,0,1031,TRUE,10.4,incomplete,2019-12-05T22:47
1267,TRUE,1613,TRUE,0,28,TRUE,9.8,complete,2019-12-05T22:48
1268,TRUE,5486,TRUE,0,2109,TRUE,9.4,complete,2019-12-05T22:49
1269,TRUE,2460,TRUE,0,410,TRUE,9.6,complete,2019-12-05T22:50
1270,TRUE,2761,TRUE,0,1390,TRUE,9.6,complete,2019-12-05T22:51
1271,FALSE,4780,TRUE,0,510,TRUE,9.6,complete,2019-12-05T22:52
1272,TRUE,5068,TRUE,0,1446,TRUE,9.4,complete,2019-12-05T22:53
1273,FALSE,4617,TRUE,0,1762,TRUE,10.6,complete,2019-12-05T22:54
1274,TRUE,4816,TRUE,0,355,TRUE,10.8,complete,2019-12-05T22:55
1275,FALSE,5186,TRUE,0,1823,TRUE,9.4,complete,2019-12-05T22:56
1276,TRUE,4457,TRUE,0,344,TRUE,10,complete,2019-12-05T22:57
1277,TRUE,5130,TRUE,0,532,TRUE,9.4,complete,2019-12-05T22:58
1278,TRUE,3782,TRUE,0,184,TRUE,9.8,complete,2019-12-05T22:59
1279,FALSE,3677,TRUE,0,313,TRUE,10.2,complete,2019-12-05T23:00
1280,FALSE,4131,TRUE,0,296,TRUE,9.4,complete,2019-12-05T23:01
1281,TRUE,4888,TRUE,0,699,TRUE,9.2,complete,2019-12-05T23:02
1282,TRUE,5766,TRUE,0,4211,TRUE,9.6,complete,2019-12-05T23:03
1283,TRUE,4753,TRUE,0,541,TRUE,9.4,complete,2019-12-05T23:04
1284,TRUE,4774,TRUE,0,1033,TRUE,10.8,complete,2019-12-05T23:05
1285,TRUE,4752,TRUE,0,1585,TRUE,10.4,complete,2019-12-05T23:06
1286,TRUE,5048,TRUE,0,1384,TRUE,9.4,incomplete,2019-12-05T23:07
1287,TRUE,4743,TRUE,0,461,TRUE,10.4,complete,2019-12-05T23:08
1288,FALSE,4342,TRUE,0,243,TRUE,9.8,incomplete,2019-12-05T23:09
1289,TRUE,4342,TRUE,0,610,TRUE,10.6,complete,2019-12-05T23:10
1290,TRUE,4527,TRUE,0,1285,TRUE,9.4,complete,2019-12-05T23:11
1291,TRUE,4882,TRUE,0,560,TRUE,9.6,complete,2019-12-05T23:12
1292,TRUE,4006,TRUE,0,71,TRUE,10.4,complete,2019-12-05T23:13
1293,TRUE,4581,TRUE,0,419,TRUE,9.6,complete,2019-12-05T23:14
1294,FALSE,4937,TRUE,0,99,TRUE,10.2,complete,2019-12-05T23:15
1295,FALSE,5292,TRUE,0,1602,TRUE,9.6,incomplete,2019-12-05T23:16
1296,TRUE,3512,TRUE,0,67,TRUE,11,complete,2019-12-05T23:17
1297,TRUE,4439,TRUE,0,34,TRUE,10.4,complete,2019-12-05T23:18
1298,TRUE,2570,TRUE,0,20,TRUE,9.6,complete,2019-12-05T23:19
1299,FALSE,3102,TRUE,0,26,TRUE,9.8,complete,2019-12-05T23:20
1300,FALSE,3543,TRUE,0,235,TRUE,10.2,complete,2019-12-05T23:21
1301,FALSE,2294,TRUE,0,19,TRUE,10,complete,2019-12-05T23:22
1302,TRUE,874,TRUE,0,20,TRUE,9.4,complete,2019-12-05T23:23
1303,FALSE,1161,TRUE,0,9,TRUE,10.6,complete,2019-12-05T23:24
1304,FALSE,79,TRUE,0,27,TRUE,9.4,complete,2019-12-05T23:25
1305,FALSE,0,TRUE,0,4,TRUE,9.2,incomplete,2019-12-05T23:26
1306,FALSE,0,TRUE,0,8,TRUE,9.6,complete,2019-12-05T23:27
1307,FALSE,0,TRUE,0,40,TRUE,9.4,incomplete,2019-12-05T23:30
1308,FALSE,0,TRUE,0,0,TRUE,9.6,incomplete,2019-12-05T23:31
1309,FALSE,0,TRUE,0,0,TRUE,9.8,incomplete,2019-12-05T23:32
1310,FALSE,0,TRUE,0,0,TRUE,9.6,incomplete,2019-12-05T23:33
1311,FALSE,0,TRUE,0,0,TRUE,10.2,incomplete,2019-12-05T23:34
1312,FALSE,0,TRUE,0,0,TRUE,10.4,incomplete,2019-12-05T23:35
1313,FALSE,0,TRUE,0,0,TRUE,9.4,incomplete,2019-12-05T23:36
1314,FALSE,0,TRUE,0,0,TRUE,9.2,incomplete,2019-12-05T23:37
1315,FALSE,0,TRUE,0,0,TRUE,9.4,incomplete,2019-12-05T23:38
1316,FALSE,0,TRUE,0,0,TRUE,10.8,incomplete,2019-12-05T23:39
1317,FALSE,0,TRUE,0,0,TRUE,9.6,incomplete,2019-12-05T23:40
1318,FALSE,0,TRUE,0,0,TRUE,11.2,incomplete,2019-12-05T23:41
1319,FALSE,0,TRUE,0,0,TRUE,9.6,incomplete,2019-12-05T23:42
1320,FALSE,0,TRUE,0,0,TRUE,10.2,incomplete,2019-12-05T23:43
1321,FALSE,0,TRUE,0,0,TRUE,9.4,incomplete,2019-12-05T23:44
1322,FALSE,0,TRUE,0,0,TRUE,9.4,incomplete,2019-12-05T23:45
1323,FALSE,0,TRUE,0,0,TRUE,10.8,incomplete,2019-12-05T23:46
1324,FALSE,0,TRUE,0,0,TRUE,9.4,incomplete,2019-12-05T23:47
1325,FALSE,0,TRUE,0,0,TRUE,9.8,incomplete,2019-12-05T23:48
1326,FALSE,0,TRUE,0,0,TRUE,9.6,incomplete,2019-12-05T23:49
1327,FALSE,0,TRUE,0,0,TRUE,9.4,incomplete,2019-12-05T23:50
1328,FALSE,0,TRUE,0,0,TRUE,10.2,incomplete,2019-12-05T23:51
1329,FALSE,0,TRUE,0,0,TRUE,10.2,incomplete,2019-12-05T23:52
1330,FALSE,0,TRUE,0,0,TRUE,9.8,incomplete,2019-12-05T23:53
1331,FALSE,0,TRUE,0,0,TRUE,9.4,incomplete,2019-12-05T23:54
1332,FALSE,0,TRUE,0,0,TRUE,4.8,incomplete,2019-12-05T23:55
1333,TRUE,584,TRUE,0,13,TRUE,9.8,complete,2019-12-05T23:56
1334,FALSE,428,TRUE,0,10,TRUE,9.8,complete,2019-12-05T23:57
1335,FALSE,0,TRUE,0,0,TRUE,9.4,complete,2019-12-05T23:58
1336,FALSE,0,TRUE,0,0,TRUE,10,complete,2019-12-05T23:59